id,title,price,beds,baths,sqft,furnished,utilities_included,parking_available,pets_allowed,city,lat,lon,post_date,student_flag,d_ubc_km,d_sfu_km,d_dt_km,d_transit_km,near_transit,url
7870440720,"1 BD, Secure Entry, Burnaby BC",2225.0,1.0,1.0,,,False,False,,Burnaby,49.2277413543614,-122.993688865961,2025-08-01,False,18.676670431323863,7.972672825628637,11.259945647966147,0.6498908724708491,True,https://vancouver.craigslist.org/bnc/apa/d/burnaby-bd-secure-entry-burnaby-bc/7870440720.html
7870915188,"1/BD, Situated in Burnaby!, Tennis Court",2225.0,1.0,1.0,,,False,False,,Burnaby,49.2277413543614,-122.993688865961,2025-08-03,False,18.676670431323863,7.972672825628637,11.259945647966147,0.6498908724708491,True,https://vancouver.craigslist.org/bnc/apa/d/burnaby-bd-situated-in-burnaby-tennis/7870915188.html
7870869699,"1 Bed, Laundry facilities, Bike Storage",2315.0,1.0,1.0,,,False,False,,Burnaby,49.2277413543614,-122.993688865961,2025-08-03,False,18.676670431323863,7.972672825628637,11.259945647966147,0.6498908724708491,True,https://vancouver.craigslist.org/bnc/apa/d/burnaby-bed-laundry-facilities-bike/7870869699.html
7870692044,1 BEDROOM APARTMENT SEPT 1 - PET FRIENDLY- BURNABY/NEW WEST,1950.0,1.0,1.0,,,False,False,True,Burnaby,49.2274989932141,-122.930100290988,2025-08-02,False,23.22537769417189,5.672536484052914,15.281014149293538,3.34310914331993,False,https://vancouver.craigslist.org/bnc/apa/d/burnaby-bedroom-apartment-sept-pet/7870692044.html
7872528571,"2 bedroom basement suite for rent in Capitol Hill (Burnaby, BC)",1850.0,2.0,2.0,,,True,True,False,Burnaby,49.2739991019488,-123.007403756703,2025-08-09,False,17.376085220623608,6.743758794283249,8.324312848967077,0.9408766307310005,False,https://vancouver.craigslist.org/bnc/apa/d/burnaby-bedroom-basement-suite-for-rent/7872528571.html
7869308128,"2 bedroom Burnaby Close to SFU, BCIT & Brentwood Mall",1800.0,2.0,1.0,,,True,True,False,Burnaby,49.2842991642313,-122.986593929585,2025-07-28,True,19.00364588273122,5.2767466381621855,9.728602816502102,2.272059161005964,False,https://vancouver.craigslist.org/bnc/apa/d/burnaby-bedroom-burnaby-close-to-sfu/7869308128.html
7869188031,2 BEDROOM & DEN APARTMENT- SEPT 1 - PET FRIENDLY- BURNABY,2200.0,2.0,1.0,,,False,True,True,Burnaby,49.2274989932141,-122.930100290988,2025-07-28,False,23.22537769417189,5.672536484052914,15.281014149293538,3.34310914331993,False,https://vancouver.craigslist.org/bnc/apa/d/burnaby-bedroom-den-apartment-sept-pet/7869188031.html
7871451536,"1 bedroom, Pool, Private Balcony/Patio",2315.0,1.0,1.0,,,False,False,,Burnaby,49.2277413543614,-122.993688865961,2025-08-05,False,18.676670431323863,7.972672825628637,11.259945647966147,0.6498908724708491,True,https://vancouver.craigslist.org/bnc/apa/d/burnaby-bedroom-pool-private-balcony/7871451536.html
7872518793,"$1,650 / 1br - Bright 1 Bedroom near Royal Oak Station (Burnaby)",1650.0,1.0,1.0,,True,False,True,,Burnaby,49.2038014588087,-122.9921040647,2025-08-09,False,19.48714077361312,9.940568803393075,13.056734459041483,2.71119131110406,False,https://vancouver.craigslist.org/bnc/apa/d/burnaby-br-bright-bedroom-near-royal/7872518793.html
7868656485,Brand new 1 bedroom A/C high rise unit on 29th floor for rent,2500.0,1.0,1.0,,,False,True,,Burnaby,49.2246680087485,-123.010532106264,2025-07-25,False,17.554380603961903,9.110106735298668,10.501741226028937,0.641145688675841,True,https://vancouver.craigslist.org/bnc/apa/d/burnaby-brand-new-bedroom-c-high-rise/7868656485.html
7861710048,Burnaby 2bed1bath Basement,1800.0,2.0,1.0,900.0,True,False,True,False,Burnaby,49.2496936593228,-122.94254436134,2025-06-28,False,22.056947407428616,3.6975309269833847,13.538941522525269,3.30896442961969,False,https://vancouver.craigslist.org/bnc/apa/d/burnaby-burnaby-2bed1bath-basement/7861710048.html
7869939919,Burnaby Brentwood 1bed1bath1den Apt,2400.0,1.0,1.0,667.0,True,False,True,False,Burnaby,49.2660590528243,-123.005682591486,2025-07-30,False,17.448940465383522,6.7295248889892045,8.63072225931262,0.2914519379260272,True,https://vancouver.craigslist.org/bnc/apa/d/burnaby-burnaby-brentwood-1bed1bath1den/7869939919.html
7866685466,Burnaby Edmonds 1 bedroom apartment for rent,2250.0,1.0,1.0,,,False,True,False,Burnaby,49.2170625669763,-122.950535976666,2025-07-18,False,21.99017673687619,7.208828697150826,14.530316807214946,3.9455747493468483,False,https://vancouver.craigslist.org/bnc/apa/d/burnaby-burnaby-edmonds-bedroom/7866685466.html
7872494291,Burnaby- Furnished 1BR Ground Suite- All Utilities & Internet Included,1540.0,1.0,1.0,,True,True,True,False,Burnaby,49.2412923791733,-123.014575469424,2025-08-09,False,16.93393586989551,8.297430771822244,9.159963224950852,1.7920719980430666,False,https://vancouver.craigslist.org/bnc/apa/d/burnaby-burnaby-furnished-1br-ground/7872494291.html
7866180212,Burnaby Highgate Furnished House BSMT Two Bedroom + 1 Bathroom suite,2200.0,2.0,1.0,800.0,True,False,True,False,Burnaby,49.2255761468537,-122.954155924015,2025-07-16,False,21.54100918735008,6.448101413664873,13.823450228216066,3.5225563325197657,False,https://vancouver.craigslist.org/bnc/apa/d/burnaby-burnaby-highgate-furnished/7866180212.html
7870536015,Burnaby Metrotown 1bed1bath1den Apt,2500.0,1.0,1.0,614.0,True,False,True,False,Burnaby,49.2231754536922,-122.99396216683,2025-08-02,False,18.764071576217756,8.346893777024126,11.54353944010592,0.7705481271165673,True,https://vancouver.craigslist.org/bnc/apa/d/burnaby-burnaby-metrotown-1bed1bath1den/7870536015.html
7869941244,Burnaby Metrotown 1 Bedroom Condo with AC,2480.0,1.0,1.0,,False,False,True,True,Burnaby,49.2260373778787,-123.005157762146,2025-07-30,False,17.9009640351034,8.71475488832078,10.706247068974275,0.2263003593285009,True,https://vancouver.craigslist.org/bnc/apa/d/burnaby-burnaby-metrotown-bedroom-condo/7869941244.html
7865321855,Burnaby Metrotown JR 1bed1bath Apt,2100.0,1.0,1.0,479.0,True,False,True,False,Burnaby,49.2247837462231,-123.009999255515,2025-07-12,False,17.589111533203177,9.07225434310406,10.52289111349086,0.6007537467308193,True,https://vancouver.craigslist.org/bnc/apa/d/burnaby-burnaby-metrotown-jr-1bed1bath/7865321855.html
7870476131,Burnaby Near SFU 1bed1bath on Ground,1100.0,1.0,1.0,500.0,True,False,True,False,Burnaby,49.2739068557438,-122.948978677379,2025-08-01,True,21.602054188118,2.525827864082906,12.527774562095862,3.9151573149680288,False,https://vancouver.craigslist.org/bnc/apa/d/burnaby-burnaby-near-sfu-1bed1bath-on/7870476131.html
7869124618,Close to BCIT,2000.0,2.0,1.0,,,True,True,False,Burnaby,49.2491539330799,-122.978197806055,2025-07-27,True,19.47773676103122,5.588569313808646,11.117707817566322,2.566430290391201,False,https://vancouver.craigslist.org/bnc/apa/d/burnaby-close-to-bcit/7869124618.html
7870099508,Cozy 2BR 1 BA suite close to SFU North Burnaby,2200.0,2.0,1.0,,True,False,True,,Burnaby,49.2734015069685,-122.946533293509,2025-07-31,True,21.77543873821823,2.361037941216634,12.710253509848942,4.0775944602498555,False,https://vancouver.craigslist.org/bnc/apa/d/burnaby-cozy-2br-ba-suite-close-to-sfu/7870099508.html
7866317465,Cozy 1 BR 1 BA suite close to SFU North Burnaby,1650.0,1.0,1.0,,True,False,True,True,Burnaby,49.2732439435748,-122.946478862519,2025-07-16,True,21.778276278045446,2.3606171178356092,12.716125363434234,4.07817168270991,False,https://vancouver.craigslist.org/bnc/apa/d/burnaby-cozy-br-ba-suite-close-to-sfu/7866317465.html
7870592625,Furnished 1-Bedroom Suite with Private Entrance,1450.0,1.0,1.0,,True,False,True,False,Burnaby,49.2519648640226,-122.987159438928,2025-08-02,False,18.809695885454246,5.981874955071698,10.397977146378036,1.9209002493152707,False,https://vancouver.craigslist.org/bnc/apa/d/burnaby-furnished-bedroom-suite-with/7870592625.html
7869060799,Furnished Master Suite in the heart of SFU Campus (3 mins walk to SFU),1600.0,1.0,1.0,,True,False,False,,Burnaby,49.2784114499288,-122.910647227929,2025-07-27,True,24.4119368071238,0.30412753873232234,15.259179589608811,3.4809569897037798,False,https://vancouver.craigslist.org/bnc/apa/d/burnaby-furnished-master-suite-in-the/7869060799.html
7872490674,Ground level 2 bedroom furnished near SFU for rent,2390.0,1.0,1.0,,True,False,True,False,Burnaby,49.2824101223809,-122.953377274372,2025-08-09,True,21.36840246185648,2.865382440272357,12.142676764169222,3.93182082925553,False,https://vancouver.craigslist.org/bnc/apa/d/burnaby-ground-level-bedroom-furnished/7872490674.html
7870407270,"Located in Burnaby, 1B/1B, Tennis Court",2225.0,1.0,1.0,,,False,False,,Burnaby,49.2277413543614,-122.993688865961,2025-08-01,False,18.676670431323863,7.972672825628637,11.259945647966147,0.6498908724708491,True,https://vancouver.craigslist.org/bnc/apa/d/burnaby-located-in-burnaby-1b-1b-tennis/7870407270.html
7870487869,Location!Convenience!View!Studio for rent in the heart of  Metrotown,2200.0,0.0,1.0,,,False,True,,Burnaby,49.2302004892179,-122.995205485245,2025-08-02,False,18.516406420084742,7.8668002443060665,11.01377955096359,0.6321648223913997,True,https://vancouver.craigslist.org/bnc/apa/d/burnaby-locationconvenienceviewstudio/7870487869.html
7872470359,Metrotown 2bedroom 1bath half basement suite,1950.0,2.0,1.0,,False,False,True,False,Burnaby,49.2166082114448,-122.999428184195,2025-08-09,False,18.557498843107375,9.152010857993135,11.697975488215459,1.2000686888367122,False,https://vancouver.craigslist.org/bnc/apa/d/burnaby-metrotown-2bedroom-1bath-half/7872470359.html
7869895950,Metrotown brand new 1bed condo high-rise to rent,2300.0,1.0,1.0,550.0,True,False,True,False,Burnaby,49.2282266496138,-123.00396142627,2025-07-30,False,17.934972723969768,8.4902520324578,10.625565136490334,0.15101573927165976,True,https://vancouver.craigslist.org/bnc/apa/d/burnaby-metrotown-brand-new-1bed-condo/7869895950.html
7861353391,Metrotown /Edmonds -  bright-big private room,780.0,1.0,1.0,,,False,True,False,Burnaby,49.2271987633294,-122.957393135557,2025-06-26,False,21.27735021700571,6.39774669430347,13.53037231733035,3.2827908509688877,False,https://vancouver.craigslist.org/bnc/apa/d/burnaby-metrotown-edmonds-bright-big/7861353391.html
7872511399,Metrotown Highline 2 years 1 bedroom + 1 Bath,2400.0,1.0,1.0,530.0,False,False,False,,Burnaby,49.2246067022644,-123.002407564729,2025-08-09,False,18.130707388735,8.672367207408175,10.961580720090033,0.28869996498751777,True,https://vancouver.craigslist.org/bnc/apa/d/burnaby-metrotown-highline-years/7872511399.html
7872479991,Metrotown Station Square Tower 5,2500.0,1.0,1.0,,,False,False,,Burnaby,49.2302004892179,-122.995205485245,2025-08-09,False,18.516406420084742,7.8668002443060665,11.01377955096359,0.6321648223913997,True,https://vancouver.craigslist.org/bnc/apa/d/burnaby-metrotown-station-square-tower/7872479991.html
7872503990,"New 2-Bedroom, 1-Bathroom Legal Suite ‚Äì Lochdale North Burnaby",2300.0,2.0,1.0,,,False,True,False,Burnaby,49.2764307348312,-122.954688774765,2025-08-09,False,21.209639340445847,2.9106262617138663,12.088022499286945,3.5885013604360196,False,https://vancouver.craigslist.org/bnc/apa/d/burnaby-new-bedroom-bathroom-legal/7872503990.html
7870281396,North Burnaby 1bed1bath1den  A/C Apt,2300.0,1.0,1.0,577.0,True,False,True,False,Burnaby,49.2640473980057,-122.982239450342,2025-08-01,False,19.143732245174974,5.13036376971285,10.334598110726347,1.4361075240267176,False,https://vancouver.craigslist.org/bnc/apa/d/burnaby-north-burnaby-1bed1bath1den-c/7870281396.html
7869583337,Pet friendly Mainfloor 2 br suite,1900.0,2.0,1.0,1200.0,,False,True,True,Burnaby,49.2267478455447,-122.960917398955,2025-07-29,False,21.03449832119937,6.5687926954869935,13.331617315344822,3.0273004521530678,False,https://vancouver.craigslist.org/bnc/apa/d/burnaby-pet-friendly-mainfloor-br-suite/7869583337.html
7861375962,Prosprise Realty-2Bed 1Bath for rent in Burnaby REF#7061AL,1500.0,2.0,1.0,,True,False,True,,Burnaby,49.2639998425087,-122.936902445931,2025-06-26,False,22.432984747917406,2.2071997224677378,13.554482139592944,3.3756695555604277,False,https://vancouver.craigslist.org/bnc/apa/d/burnaby-prosprise-realty-2bed-1bath-for/7861375962.html
7871124167,***Spacious 2bedroom1.5bathroom basement in Central Burnaby***,2000.0,2.0,2.0,15.0,,False,True,,Burnaby,49.2166391511657,-123.000287620888,2025-08-04,False,18.496402672978196,9.191564679650137,11.648833857117475,1.1862601485864603,False,https://vancouver.craigslist.org/bnc/apa/d/burnaby-spacious-2bedroom15bathroom/7871124167.html
7867554470,Spacious 3bed/2bath 1600ft top suit,2300.0,3.0,2.0,,False,False,True,,Burnaby,49.2639998425087,-122.936902445931,2025-07-21,False,22.432984747917406,2.2071997224677378,13.554482139592944,3.3756695555604277,False,https://vancouver.craigslist.org/bnc/apa/d/burnaby-spacious-3bed-2bath-1600ft-top/7867554470.html
7870417095,"Tennis Court, In Burnaby, 2/BD 1/BA",2495.0,2.0,1.0,,,False,False,,Burnaby,49.2277413543614,-122.993688865961,2025-08-01,False,18.676670431323863,7.972672825628637,11.259945647966147,0.6498908724708491,True,https://vancouver.craigslist.org/bnc/apa/d/burnaby-tennis-court-in-burnaby-bd-ba/7870417095.html
7871678870,3rd floor one bedroom unit for rent,1600.0,1.0,1.0,,,False,False,,Coquitlam,49.2505238751679,-122.862576641878,2025-08-06,False,27.849618484031698,4.821622276009356,19.137234626714065,2.509733673905994,False,https://vancouver.craigslist.org/bnc/apa/d/coquitlam-3rd-floor-one-bedroom-unit/7871678870.html
7870775458,Coquitlam Burke Mountain 2bed1bath Basement,1800.0,2.0,1.0,850.0,True,False,True,False,Coquitlam,49.304304558605,-122.749454719602,2025-08-03,False,36.34364131786206,12.342189294166488,26.99932719391085,12.377818169466824,False,https://vancouver.craigslist.org/bnc/apa/d/coquitlam-coquitlam-burke-mountain/7870775458.html
7865006932,1 Bedroom Modern Units in New,2050.0,1.0,1.0,,,False,False,,New Westminster,49.2151672225901,-122.899008736237,2025-07-11,False,25.693570270693392,7.022880824040274,17.910309130870196,3.6981935929376273,False,https://vancouver.craigslist.org/bnc/apa/d/new-westminster-bedroom-modern-units-in/7865006932.html
7872523067,Entire basement suite with separate entry,1600.0,1.0,1.0,,True,False,True,False,New Westminster,49.2042013833497,-122.941301615882,2025-08-09,False,22.9956103713733,8.377779863993625,15.87821220019849,5.134522089286122,False,https://vancouver.craigslist.org/bnc/apa/d/new-westminster-entire-basement-suite/7872523067.html
7869083774,Fantastic Studio Gem - 1 Month FREE Rent,1855.0,0.0,1.0,,False,False,True,,New Westminster,49.2045566171827,-122.908442486333,2025-07-27,False,25.28957157521662,8.123242872839649,17.866573945507565,4.635079287585264,False,https://vancouver.craigslist.org/bnc/apa/d/new-westminster-fantastic-studio-gem/7869083774.html
7868917369,Highrise River view 1 bedroom apartment in New West for rentÔºÅ,2100.0,1.0,1.0,,,False,True,False,New Westminster,49.1991501874281,-122.916234712346,2025-07-26,False,24.901099453675954,8.712909996416636,17.70209929716518,5.006810671328286,False,https://vancouver.craigslist.org/bnc/apa/d/new-westminster-highrise-river-view/7868917369.html
7869121046,Apartment Steps from Queen's Park,2050.0,1.0,1.0,,,False,True,False,New Westminster Northeast,49.2200986703325,-122.899801136867,2025-07-27,False,25.533537215355675,6.472494902004209,17.623304751337137,3.153529473119034,False,https://vancouver.craigslist.org/bnc/apa/d/new-westminster-northeast-apartment/7869121046.html
7869120190,Newly Painted 1 Bedroom Townhome near Queen's Park,2050.0,1.0,1.0,,,False,True,False,New Westminster Northeast,49.2200986703325,-122.899801136867,2025-07-27,False,25.533537215355675,6.472494902004209,17.623304751337137,3.153529473119034,False,https://vancouver.craigslist.org/bnc/apa/d/new-westminster-northeast-newly-painted/7869120190.html
7872528658,1bed apartments,1950.0,1.0,1.0,,,False,True,,New Westminster Southwest,49.1886008885047,-122.938408179017,2025-08-09,False,23.728932864858677,10.035144047721834,17.094275107030178,6.337769136662621,False,https://vancouver.craigslist.org/bnc/apa/d/new-westminster-southwest-1bed/7872528658.html
7872523434,1 BDRM + DEN on the 14th floor offering a stunning view,1855.0,1.0,1.0,,True,False,True,True,New Westminster Southwest,49.1886008885047,-122.938408179017,2025-08-09,False,23.728932864858677,10.035144047721834,17.094275107030178,6.337769136662621,False,https://vancouver.craigslist.org/bnc/apa/d/new-westminster-southwest-bdrm-den-on/7872523434.html
7871971385,"West-Facing, Sunset View, Close to Transit, On-Site Management",2235.0,1.0,1.0,,,False,True,,New Westminster,49.2045566171827,-122.908442486333,2025-08-07,False,25.28957157521662,8.123242872839649,17.866573945507565,4.635079287585264,False,https://vancouver.craigslist.org/bnc/apa/d/new-westminster-west-facing-sunset-view/7871971385.html
7870900112,Large 1 bedroom suite available,1600.0,1.0,1.0,,,False,False,False,Surrey East,49.0790994865364,-122.755301753901,2025-08-03,False,40.98737622902063,24.91527797635856,35.12987441371037,14.04789160028463,False,https://vancouver.craigslist.org/bnc/apa/d/surrey-east-large-bedroom-suite/7870900112.html
7865984049,Park Avenue West By Concord Pacific,1695.0,1.0,1.0,,,False,True,,Surrey,49.1836969427365,-122.837318370438,2025-07-15,False,30.887556817616446,11.844135602521346,23.505065736870126,1.067394372641275,False,https://vancouver.craigslist.org/bnc/apa/d/surrey-park-avenue-west-by-concord/7865984049.html
7866225537,Park Avenue West By Concord  Pacific,1795.0,1.0,1.0,,,False,True,,Surrey,49.1836969427365,-122.837318370438,2025-07-16,False,30.887556817616446,11.844135602521346,23.505065736870126,1.067394372641275,False,https://vancouver.craigslist.org/bnc/apa/d/surrey-park-avenue-west-by-concord/7866225537.html
7866393819,Park Avenue West By Concord Pacific,1795.0,1.0,1.0,,,False,True,,Surrey,49.1836969427365,-122.837318370438,2025-07-17,False,30.887556817616446,11.844135602521346,23.505065736870126,1.067394372641275,False,https://vancouver.craigslist.org/bnc/apa/d/surrey-park-avenue-west-by-concord/7866393819.html
7866393961,Park Avenue West By Concord Pacific,1795.0,1.0,1.0,,,False,True,,Surrey,49.1836969427365,-122.837318370438,2025-07-17,False,30.887556817616446,11.844135602521346,23.505065736870126,1.067394372641275,False,https://vancouver.craigslist.org/bnc/apa/d/surrey-park-avenue-west-by-concord/7866393961.html
7866948073,Park Avenue West By Concord Pacific,1795.0,1.0,1.0,,,False,True,,Surrey,49.1836969427365,-122.837318370438,2025-07-19,False,30.887556817616446,11.844135602521346,23.505065736870126,1.067394372641275,False,https://vancouver.craigslist.org/bnc/apa/d/surrey-park-avenue-west-by-concord/7866948073.html
7868470863,Park Avenue West By Concord Pacific,1795.0,1.0,1.0,,,False,True,,Surrey,49.1836969427365,-122.837318370438,2025-07-25,False,30.887556817616446,11.844135602521346,23.505065736870126,1.067394372641275,False,https://vancouver.craigslist.org/bnc/apa/d/surrey-park-avenue-west-by-concord/7868470863.html
7870397228,South Surrey basement 1bed 1 bath,1000.0,1.0,1.0,650.0,True,False,True,False,Surrey,49.0517035095637,-122.763369572614,2025-08-01,False,42.0877677115481,27.409669553704767,36.783931843982856,16.54857492875331,False,https://vancouver.craigslist.org/bnc/apa/d/surrey-south-surrey-basement-1bed-bath/7870397228.html
7869409719,1 bed apartment lower lonsdale,2250.0,1.0,1.0,,,False,True,True,North Vancouver,49.3105509444872,-123.070876021244,2025-07-28,False,13.863256086290805,11.913945933671744,4.535000213528027,4.020275404237926,False,https://vancouver.craigslist.org/nvn/apa/d/north-vancouver-bed-apartment-lower/7869409719.html
7871881703,Bright + Efficient Studio + Bath @ Woodcroft Estates,1995.0,0.0,1.0,,False,False,True,False,North Vancouver,49.3308806329729,-123.122315026172,2025-08-07,False,11.896131388276796,16.187639969900268,5.0029884575362615,5.101363319850403,False,https://vancouver.craigslist.org/nvn/apa/d/north-vancouver-bright-efficient-studio/7871881703.html
7867102235,Lynn Valley 1 bedroom 1 bath basement suite,1650.0,1.0,1.0,,False,False,True,False,North Vancouver East Central,49.3622007978843,-123.017799502937,2025-07-19,False,20.032562441063913,12.02723870282246,11.295998690589935,10.71629903705539,False,https://vancouver.craigslist.org/nvn/apa/d/north-vancouver-east-central-lynn/7867102235.html
7865094296,North Vancouver Canyon High one bedroom suite,2000.0,1.0,1.0,,False,False,True,,North Vancouver,49.3526008900274,-123.087003064303,2025-07-11,False,15.412095300892295,15.030458094822276,7.80860427306444,7.6505023485001145,False,https://vancouver.craigslist.org/nvn/apa/d/north-vancouver-north-vancouver-canyon/7865094296.html
7872488155,One bedroom/one bath Available -$2450,2450.0,1.0,1.0,,,False,False,True,North Vancouver,49.3220118192626,-123.066120471545,2025-08-09,False,14.724553145484954,12.050200694729506,5.63769797111372,5.194337676584805,False,https://vancouver.craigslist.org/nvn/apa/d/north-vancouver-one-bedroom-one-bath/7872488155.html
7866331761,Renovated and modern suite in Upper Lonsdale -  Utilities included!,2100.0,1.0,1.0,,,True,True,,North Vancouver,49.3363105539971,-123.064108243768,2025-07-16,False,15.647144848734476,12.659193162163435,6.946319728016279,6.5841677095408935,False,https://vancouver.craigslist.org/nvn/apa/d/north-vancouver-renovated-and-modern/7866331761.html
7871759958,"modern 1-bedroom, 1-bathroom ground-level townhome",2000.0,1.0,1.0,,True,False,True,,North Vancouver Southwest,49.3220015060223,-123.114897514557,2025-08-06,False,11.705374516068357,15.343480937347971,4.036289326766363,4.057515193121935,False,https://vancouver.craigslist.org/nvn/apa/d/north-vancouver-southwest-modern/7871759958.html
7871886480,Spacious ground level suite with yard space in Central Lonsdale!,2500.0,1.0,1.0,,,False,True,,North Vancouver,49.3251774110805,-123.062578446455,2025-08-07,False,15.116231789590074,11.967901304775577,6.068916299669611,5.629553085544449,False,https://vancouver.craigslist.org/nvn/apa/d/north-vancouver-spacious-ground-level/7871886480.html
7872489919,"Studio/one bath Available - $2,380",2380.0,0.0,1.0,,,False,False,True,North Vancouver,49.3220118192626,-123.066120471545,2025-08-09,False,14.724553145484954,12.050200694729506,5.63769797111372,5.194337676584805,False,https://vancouver.craigslist.org/nvn/apa/d/north-vancouver-studio-one-bath/7872489919.html
7871274091,1 bedroom in Kitsilano,2300.0,1.0,1.0,,,False,True,False,Vancouver,49.2707000109646,-123.150701074215,2025-08-05,False,7.005549461422929,17.14536633061993,2.755555727704428,2.849333907443199,False,https://vancouver.craigslist.org/nvn/apa/d/vancouver-bedroom-in-kitsilano/7871274091.html
7868234523,Garden Suite 1Bed 1 Bath + Den + attached Garage,2200.0,1.0,1.0,,,False,False,,West Vancouver,49.3335855667236,-123.172489513247,2025-07-24,False,9.709698145113215,19.710102117647306,6.497058197826577,6.909501163840391,False,https://vancouver.craigslist.org/nvn/apa/d/west-vancouver-garden-suite-1bed-bath/7868234523.html
7872520759,Affordable Living with Room for Your Furry Friends ‚Äì BC Apartments,2050.0,1.0,1.0,,,False,True,,Coquitlam,49.2366004277892,-122.852098962679,2025-08-09,False,28.71579205586715,6.423169100939243,20.247764840905212,3.5137296598264878,False,https://vancouver.craigslist.org/pml/apa/d/coquitlam-affordable-living-with-room/7872520759.html
7872493532,BC‚Äôs Best Pet-Friendly Pads ‚Äì Comfort & Value Combined!,2050.0,1.0,1.0,,,False,True,True,Coquitlam,49.2366004277892,-122.852098962679,2025-08-09,False,28.71579205586715,6.423169100939243,20.247764840905212,3.5137296598264878,False,https://vancouver.craigslist.org/pml/apa/d/coquitlam-bcs-best-pet-friendly-pads/7872493532.html
7872487549,"Brand New 1 bedroom, 1 bathroom Condo in Coquitlam West",2100.0,1.0,1.0,,,False,True,False,Coquitlam,49.2588564003821,-122.890429839171,2025-08-09,False,25.8041712947986,2.7153517505797664,16.97472783399915,1.2566840458150002,False,https://vancouver.craigslist.org/pml/apa/d/coquitlam-brand-new-bedroom-bathroom/7872487549.html
7872487386,***Burquitlam 1BR close to SFU & Skytrain***,2200.0,1.0,1.0,0.0,False,False,True,False,Coquitlam,49.2581459327162,-122.876688019413,2025-08-09,True,26.802255946902548,3.492604601763459,17.970328625146745,1.8296780413917526,False,https://vancouver.craigslist.org/pml/apa/d/coquitlam-burquitlam-1br-close-to-sfu/7872487386.html
7869415403,Burquitlam ‚Äì 1 Bed 1 Bath High-Rise Condo w/ A/C ‚Äì Brand New!,2250.0,1.0,1.0,550.0,True,False,True,False,Coquitlam,49.2591021992762,-122.890143360273,2025-07-28,False,25.82470518090156,2.7081142859902787,16.99032796576981,1.289891150414315,False,https://vancouver.craigslist.org/pml/apa/d/coquitlam-burquitlam-bed-bath-high-rise/7869415403.html
7872477980,Burquitlam Brand new SOL building 1 bdrm plus den 695 sq ft,2300.0,1.0,1.0,,,False,True,,Coquitlam,49.2632618728686,-122.880703880599,2025-08-09,False,26.509715845604628,2.9248301616810615,17.592119870014464,2.0321732832358754,False,https://vancouver.craigslist.org/pml/apa/d/coquitlam-burquitlam-brand-new-sol/7872477980.html
7872511630,Ground leverl self contained 1 bedroom suite with laundry,1350.0,1.0,1.0,,True,False,True,,Coquitlam,49.2928264950958,-122.802197776472,2025-08-09,False,32.39407770150616,8.328960968343035,23.11241052707217,8.468374756822733,False,https://vancouver.craigslist.org/pml/apa/d/coquitlam-ground-leverl-self-contained/7872511630.html
7869927592,High Rise 1Bed 1Bath 1Den w/AC@Soco Central Lougheed,2400.0,1.0,1.0,,,False,True,,Coquitlam,49.2434237821711,-122.891540231378,2025-07-30,False,25.797680227076718,4.142171434952666,17.286062290142233,0.6806215328861496,True,https://vancouver.craigslist.org/pml/apa/d/coquitlam-high-rise-1bed-1bath-1den/7869927592.html
7861889029,House for Rent - Coquitlam - Close to Lougheed,2500.0,2.0,2.0,,False,False,True,False,Coquitlam,49.2490519465923,-122.884979864624,2025-06-29,False,26.232990893386773,3.824404602915178,17.58727882236875,0.8754933588630912,False,https://vancouver.craigslist.org/pml/apa/d/coquitlam-house-for-rent-coquitlam/7861889029.html
7861459779,Living the dream! - Budget and pet friendly,1875.0,1.0,1.0,,,False,True,True,Coquitlam,49.2366004277892,-122.852098962679,2025-06-27,False,28.71579205586715,6.423169100939243,20.247764840905212,3.5137296598264878,False,https://vancouver.craigslist.org/pml/apa/d/coquitlam-living-the-dream-budget-and/7861459779.html
7869126620,"Low Rent, High Comfort ‚Äì Pet-Friendly BC Apartments Await",2050.0,1.0,1.0,,,False,True,True,Coquitlam,49.2366004277892,-122.852098962679,2025-07-27,False,28.71579205586715,6.423169100939243,20.247764840905212,3.5137296598264878,False,https://vancouver.craigslist.org/pml/apa/d/coquitlam-low-rent-high-comfort-pet/7869126620.html
7867860914,"Modern, Oversized 2 BR Garden Suite With Separate Entrance",2250.0,2.0,1.0,,,False,True,True,Coquitlam,49.2390555519412,-122.839640568382,2025-07-22,False,29.592214392921868,6.918581857765237,21.049785319462202,4.291566498842104,False,https://vancouver.craigslist.org/pml/apa/d/coquitlam-modern-oversized-br-garden/7867860914.html
7870139921,New Morden High Rise 1 Bedroom 1 Baths with Gorgeous Water Views,2150.0,1.0,1.0,0.0,,False,True,False,Coquitlam,49.2366004277892,-122.852098962679,2025-07-31,False,28.71579205586715,6.423169100939243,20.247764840905212,3.5137296598264878,False,https://vancouver.craigslist.org/pml/apa/d/coquitlam-new-morden-high-rise-bedroom/7870139921.html
7872512076,one bedroom suite/near skytrain station,1500.0,1.0,1.0,,,False,True,False,Coquitlam North,49.2650002268189,-122.871601300108,2025-08-09,False,27.17252652328213,3.4152751911040795,18.219959694864205,2.608615941019297,False,https://vancouver.craigslist.org/pml/apa/d/coquitlam-north-one-bedroom-suite-near/7872512076.html
7869589192,Prosprise Realty-2 bed 1bath Basement for rent in Coquitlam Ref#3403GL,1700.0,2.0,1.0,,False,False,False,,Coquitlam,49.2893056694449,-122.75026087122,2025-07-29,False,36.10562874850687,11.992311150428288,26.869951957044,11.577685163510125,False,https://vancouver.craigslist.org/pml/apa/d/coquitlam-prosprise-realty-bed-1bath/7869589192.html
7870153129,Prosprise Realty-2 bed 1 bath lower suite in Coquitlam! Ref: 960SL,2100.0,2.0,1.0,,False,False,False,,Coquitlam,49.2435601461263,-122.867617524559,2025-07-31,False,27.528449388306232,5.085943420985151,18.958022470963293,2.1997068156184993,False,https://vancouver.craigslist.org/pml/apa/d/coquitlam-prosprise-realty-bed-bath/7870153129.html
7862903677,Right By Coquitlam Centre- 1 Bedroom Suite Avail. Now,2200.0,1.0,1.0,,True,True,False,False,Coquitlam,49.281789036131,-122.799684210625,2025-07-02,False,32.46684118935567,8.349619765198444,23.2889645609259,7.977905647693135,False,https://vancouver.craigslist.org/pml/apa/d/coquitlam-right-by-coquitlam-centre/7862903677.html
7867271106,Royal Columbian Hospital  - Calling all Healthcare Workers,1995.0,1.0,1.0,,,False,True,,Coquitlam,49.2366004277892,-122.852098962679,2025-07-20,False,28.71579205586715,6.423169100939243,20.247764840905212,3.5137296598264878,False,https://vancouver.craigslist.org/pml/apa/d/coquitlam-royal-columbian-hospital/7867271106.html
7872474910,"Spacious 2-bedroom suite in Westwood Plateau, Coquitlam",1800.0,2.0,1.0,,,False,True,,Coquitlam,49.2999672680961,-122.805913407773,2025-08-09,False,32.22213691717701,8.269081322151951,22.881969586653582,8.74909195549822,False,https://vancouver.craigslist.org/pml/apa/d/coquitlam-spacious-bedroom-suite-in/7872474910.html
7866533861,Inspire Maple Ridge - -  Brand New Two Bedroom,2375.0,2.0,2.0,,,False,True,False,Maple Ridge,49.2223320598178,-122.60439555687,2025-07-17,False,46.77181516130073,23.336462288954444,38.13285438342739,18.131871976042966,False,https://vancouver.craigslist.org/pml/apa/d/maple-ridge-inspire-maple-ridge-brand/7866533861.html
7863409692,"Newly Renovated Private, Spacious, Furnished One Bedroom",2195.0,1.0,1.0,,True,True,True,,Maple Ridge,49.2205627661466,-122.532910477564,2025-07-05,False,51.95933696496772,28.41908830246195,43.275160365913806,23.213230600558383,False,https://vancouver.craigslist.org/pml/apa/d/maple-ridge-newly-renovated-private/7863409692.html
7864181633,BRAND NEW Central  Pitt Meadows Suite-All Inclusive!,2000.0,2.0,1.0,,,True,True,False,Pitt Meadows,49.2190535953143,-122.695531369674,2025-07-08,False,40.22925603081503,17.178141917394772,31.741237157421743,11.613692886545957,False,https://vancouver.craigslist.org/pml/apa/d/pitt-meadows-brand-new-central-pitt/7864181633.html
7867857337,Bright 2BR Lower-Level Suite with Private Entrance,2250.0,2.0,1.0,,,True,False,False,Port Coquitlam,49.2865016139957,-122.752196895609,2025-07-22,False,35.94041458518998,11.822599712255354,26.727710921975504,11.328658367787385,False,https://vancouver.craigslist.org/pml/apa/d/port-coquitlam-bright-2br-lower-level/7867857337.html
7869684484,3 Bedrooms Upper floor house,2450.0,3.0,1.0,,,False,True,False,Port Coquitlam Central,49.2739991019488,-122.764905099505,2025-07-29,False,34.93907134958862,10.866695697593354,25.843074129185972,9.999448743134085,False,https://vancouver.craigslist.org/pml/apa/d/port-coquitlam-central-bedrooms-upper/7869684484.html
7872528199,stylish 1 bed home,2000.0,1.0,1.0,,True,False,True,,Port Coquitlam Central,49.2739991019488,-122.764905099505,2025-08-09,False,34.93907134958862,10.866695697593354,25.843074129185972,9.999448743134085,False,https://vancouver.craigslist.org/pml/apa/d/port-coquitlam-central-stylish-bed-home/7872528199.html
7869131835,2-bed suite at Westwood Plateau,1950.0,2.0,1.0,,,False,True,False,Port Coquitlam North,49.3167010734598,-122.73840350965,2025-07-27,False,37.33902351102633,13.499857739627087,27.93035253766354,13.784764882505405,False,https://vancouver.craigslist.org/pml/apa/d/port-coquitlam-north-bed-suite-at/7869131835.html
7872520425,2 bed 1 bath in Ranch park area of Coquitlam Center.,2250.0,2.0,1.0,,,False,True,False,Port Coquitlam South,49.2436025450031,-122.786502170633,2025-08-09,False,33.40403536386649,10.03090837086067,24.701887287781037,7.5231535632594495,False,https://vancouver.craigslist.org/pml/apa/d/port-coquitlam-south-bed-bath-in-ranch/7872520425.html
7871907037,Suffolk Manor - - One Bedroom in Great Shape!,1950.0,1.0,1.0,,,False,False,,Port Coquitlam,49.2666291458304,-122.771830440374,2025-08-07,False,34.41390283297848,10.428384629934756,25.399253394135297,9.307275130973759,False,https://vancouver.craigslist.org/pml/apa/d/port-coquitlam-suffolk-manor-one/7871907037.html
7871402028,Bright Junior 2BR/2BA/In suite laundry/Close to Skytrain/No pets,2455.0,2.0,2.0,,,False,True,False,Port Moody,49.3231010120311,-122.862605862725,2025-08-05,False,28.65988274284124,6.318579557132185,19.164449109793644,8.672892896629758,False,https://vancouver.craigslist.org/pml/apa/d/port-moody-bright-junior-2br-2ba-in/7871402028.html
7871363555,Prosprise Realty-2bed 1bath suite for rent in Port Moody! Ref#132CL,2000.0,2.0,1.0,,True,False,True,False,Port Moody,49.3231010120311,-122.862605862725,2025-08-05,False,28.65988274284124,6.318579557132185,19.164449109793644,8.672892896629758,False,https://vancouver.craigslist.org/pml/apa/d/port-moody-prosprise-realty-2bed-1bath/7871363555.html
7872476626,THE GRANDE very nice location SUTER BROOK VILLAGE PORT MOODY Sept 1st,2500.0,1.0,1.0,630.0,False,False,True,,Port Moody,49.2804809734847,-122.829012774241,2025-08-09,False,30.334448750627658,6.2174196588803285,21.16602960586899,6.087920504162972,False,https://vancouver.craigslist.org/pml/apa/d/port-moody-the-grande-very-nice/7872476626.html
7869590491,Prosprise Realty- New 2Bed1Bath Suite for Rent in Surrey REF#17140L,1700.0,2.0,1.0,,,False,True,,Surrey,49.0041755145445,-122.74504294458,2025-07-29,False,46.275513318302266,32.79975315237975,41.56869006453698,21.961131567335308,False,https://vancouver.craigslist.org/pml/apa/d/surrey-prosprise-realty-new-2bed1bath/7869590491.html
7869590630,Prosprise Realty- New 2Bed1Bath Suite for Rent in Surrey REF#17126L,1700.0,2.0,1.0,,,False,True,,Surrey,49.0041755145445,-122.74504294458,2025-07-29,False,46.275513318302266,32.79975315237975,41.56869006453698,21.961131567335308,False,https://vancouver.craigslist.org/pml/apa/d/surrey-prosprise-realty-new-2bed1bath/7869590630.html
7871761161,bright quiet 1bedroom 1 bathroom suite on ground level in Seafair,1650.0,1.0,1.0,480.0,,False,True,,Richmond,49.1474968962842,-123.183841526041,2025-08-06,False,13.362682738280466,24.319861288291484,16.05852086443538,4.033635379382636,False,https://vancouver.craigslist.org/rch/apa/d/richmond-bright-quiet-1bedroom-bathroom/7871761161.html
7871889741,Fully Furnished 1 Bed 1 Bath w/AC in Central Richmond,2400.0,1.0,1.0,,True,False,True,False,Richmond,49.1642513281286,-123.131093885509,2025-08-07,False,13.58105553250253,20.144303507377895,13.547758259731113,0.4599843948697022,True,https://vancouver.craigslist.org/rch/apa/d/richmond-fully-furnished-bed-bath-ac-in/7871889741.html
7871957799,Furnished private room close to Sky train,880.0,1.0,,,True,False,True,,Richmond,49.1836012587847,-123.11679629669,2025-08-07,False,12.702482350408909,18.01593561259481,11.378631598943803,2.389556744912701,False,https://vancouver.craigslist.org/rch/apa/d/richmond-furnished-private-room-close/7871957799.html
7866035918,New Renovated 1 bed/1 bath suite w/ separate entry,1600.0,1.0,1.0,,,False,True,,Richmond,49.1692543955954,-123.158733369545,2025-07-15,False,11.972725064754043,21.429253509976252,13.261186648047492,1.6473274909486093,False,https://vancouver.craigslist.org/rch/apa/d/richmond-new-renovated-bed-bath-suite/7866035918.html
7872499282,"Newly Renovated 2-Bedroom Garden Suite for Rent‚Äì Seafair, Richmond",2000.0,2.0,1.0,920.0,,False,True,,Richmond,49.1447581580237,-123.183786522093,2025-08-09,False,13.651051305426959,24.4993421856104,16.349518290880074,4.197177743364063,False,https://vancouver.craigslist.org/rch/apa/d/richmond-newly-renovated-bedroom-garden/7872499282.html
7871880183,"One bedroom apartment for rent, closed to Richmond Public Market",2200.0,1.0,1.0,,,False,True,False,Richmond,49.1688412930251,-123.133672195587,2025-08-07,False,13.06415493356985,19.977470546379553,13.050376301929354,0.34052793354593724,True,https://vancouver.craigslist.org/rch/apa/d/richmond-one-bedroom-apartment-for-rent/7871880183.html
7871363848,Prosprise Realty- 1Bed 1Bath spacious condo for rent  ! REF#12026888,2400.0,1.0,1.0,,,False,True,,Richmond,49.172591301794,-123.146725893033,2025-08-05,False,12.155658775033949,20.499726719591465,12.740298023752512,1.013240677316286,False,https://vancouver.craigslist.org/rch/apa/d/richmond-prosprise-realty-1bed-1bath/7871363848.html
7871363195,Prosprise Realty-2Bed 1Bath suite for rent  ! REF#11571WLE,1750.0,2.0,1.0,,,False,True,,Richmond,49.1409978360144,-123.157435620139,2025-08-05,False,14.774067656554264,23.271564491505647,16.33184552406262,3.2088095861014287,False,https://vancouver.craigslist.org/rch/apa/d/richmond-prosprise-realty-2bed-1bath/7871363195.html
7869567739,„Äê1BR Suit House for Rent„Äë Brand new appliances  & Private entrance,2200.0,1.0,1.0,,True,False,True,False,Richmond West,49.1625983448897,-123.172093599411,2025-07-29,False,12.147933192622913,22.648846159482375,14.209439716618586,2.622278984035389,False,https://vancouver.craigslist.org/rch/apa/d/richmond-west-1br-suit-house-for-rent/7869567739.html
7869563933,3 Bedroom 2.5 bathroom house in Blundell area,2500.0,3.0,3.0,,,False,False,,Richmond West,49.1625983448897,-123.172093599411,2025-07-29,False,12.147933192622913,22.648846159482375,14.209439716618586,2.622278984035389,False,https://vancouver.craigslist.org/rch/apa/d/richmond-west-bedroom-25-bathroom-house/7869563933.html
7868200765,Whole apartment - No 3 Rd & Williams Rd - Broadmoor,2250.0,2.0,1.0,,True,False,True,False,Richmond,49.1381565383085,-123.133500308248,2025-07-24,False,15.880328885182625,22.202476716907775,16.45461476184351,3.1480978119175314,False,https://vancouver.craigslist.org/rch/apa/d/richmond-whole-apartment-no-rd-williams/7868200765.html
7867176918,"$2,250 / 3br -1100ft Tsawwassen 3-Bed 1-Bath House For Rent on Ground",2250.0,3.0,1.0,1100.0,,False,True,False,Delta,49.0239013055142,-123.083068563124,2025-07-20,False,28.86509337350734,30.745778123250332,29.261181059639984,16.315738903935014,False,https://vancouver.craigslist.org/rds/apa/d/delta-br-1100ft-tsawwassen-bed-bath/7867176918.html
7872516833,GROUND LEVEL HOUSE- OWN YARD- GARAGE,2300.0,2.0,1.0,,,False,True,,Delta Northeast,49.1550989003096,-122.912395895119,2025-08-09,False,26.92483373663256,13.611322795430574,20.985962997185602,6.0020867149055785,False,https://vancouver.craigslist.org/rds/apa/d/delta-northeast-ground-level-house-own/7872516833.html
7866847272,Welcome Nature Lovers!!! PET-FRIENDLY 2 Bedroom Spacious Basement in N,2250.0,2.0,1.0,,,False,True,True,Delta Northeast,49.1550989003096,-122.912395895119,2025-07-18,False,26.92483373663256,13.611322795430574,20.985962997185602,6.0020867149055785,False,https://vancouver.craigslist.org/rds/apa/d/delta-northeast-welcome-nature-lovers/7866847272.html
7869657025,1 Bedroom Suite in Tsawwassen,1600.0,1.0,1.0,,False,False,True,,Delta Southwest,49.033101861788,-123.087699780981,2025-07-29,False,27.793719174598532,29.94978325777408,28.21210989477081,15.24194072614765,False,https://vancouver.craigslist.org/rds/apa/d/delta-southwest-bedroom-suite-in/7869657025.html
7872513454,$2000 / 2br - Two Bedroom Basement in Langley (Willoughby),2000.0,2.0,1.0,,,False,True,False,Langley,49.1271838235746,-122.674847593271,2025-08-09,False,44.074952912757105,24.140987222108425,36.88597796701545,14.43476153434563,False,https://vancouver.craigslist.org/rds/apa/d/langley-br-two-bedroom-basement-in/7872513454.html
7868401859,LANGLEY BASEMENT SUITE FOR RENT,1700.0,2.0,1.0,,,True,True,False,Langley,49.1534762838339,-122.641845224273,2025-07-24,False,45.47739355384759,24.138659081157364,37.76699977863549,15.579359931372213,False,https://vancouver.craigslist.org/rds/apa/d/langley-langley-basement-suite-for-rent/7868401859.html
7869865167,langley single house to rent,2500.0,2.0,1.0,1344.0,True,False,False,False,Langley,49.0881459171632,-122.640212867515,2025-07-30,False,48.031286988873,29.00079960458714,41.26644139625145,18.913941387985187,False,https://vancouver.craigslist.org/rds/apa/d/langley-langley-single-house-to-rent/7869865167.html
7871737914,new high rise 1 bed plus den at latimer height,2300.0,1.0,1.0,,,False,True,,Langley,49.1568441297535,-122.667929700853,2025-08-06,False,43.54935729452857,22.38267009750046,35.877593995266096,13.650769597335007,False,https://vancouver.craigslist.org/rds/apa/d/langley-new-high-rise-bed-plus-den-at/7871737914.html
7870388854,"Basement Suite in Renovated Home - 1 bed, 1 bath",1400.0,1.0,1.0,,,False,True,,Surrey,49.0374013370824,-122.829900858823,2025-08-01,False,39.13878439050568,27.399023929126777,34.79399827488944,16.98012060167257,False,https://vancouver.craigslist.org/rds/apa/d/surrey-basement-suite-in-renovated-home/7870388854.html
7870389619,"Basement Suite in Renovated Home - 1 bed, 1 bath",1400.0,1.0,1.0,,,False,True,,Surrey,49.0374013370824,-122.829900858823,2025-08-01,False,39.13878439050568,27.399023929126777,34.79399827488944,16.98012060167257,False,https://vancouver.craigslist.org/rds/apa/d/surrey-basement-suite-in-renovated-home/7870389619.html
7872504841,3 Bed 2 Bath Ground Floor Suite in South Surrey/White Rock,2200.0,3.0,2.0,1100.0,False,False,True,,Surrey,49.0441083810318,-122.795695278456,2025-08-09,False,40.644887950664156,27.354325987443534,35.79464902085508,16.634880711299882,False,https://vancouver.craigslist.org/rds/apa/d/surrey-bed-bath-ground-floor-suite-in/7872504841.html
7867757398,1 Bed 1 Bath w/Parking Steps to King George Skytrain,1700.0,1.0,1.0,,False,False,True,False,Surrey,49.1811833768893,-122.843068001912,2025-07-22,False,30.566820150253562,11.903036290011853,23.279504558348805,1.027394920709502,False,https://vancouver.craigslist.org/rds/apa/d/surrey-bed-bath-parking-steps-to-king/7867757398.html
7872509797,1 BED + DEN and 1 BATH,1999.0,1.0,1.0,,,False,False,True,Surrey,49.1971012903528,-122.846593984183,2025-08-09,False,29.84979222343808,10.21274273420841,22.214079471752363,0.850771330918546,False,https://vancouver.craigslist.org/rds/apa/d/surrey-bed-den-and-bath/7872509797.html
7872518641,2 Bedroom Apartment North Delta ready to move in right away,2400.0,2.0,1.0,,True,False,True,False,Surrey,49.1621033093547,-122.894610139244,2025-08-09,False,27.77556371000447,12.913398451093558,21.42604086684462,4.515436022018184,False,https://vancouver.craigslist.org/rds/apa/d/surrey-bedroom-apartment-north-delta/7872518641.html
7872509469,2 bedroom basement Available from Aug 01st,1700.0,2.0,1.0,,,True,True,False,Surrey,49.1570761776605,-122.722256986026,2025-08-09,False,39.75001499058551,19.35127269701112,32.288478927392305,9.891308336790583,False,https://vancouver.craigslist.org/rds/apa/d/surrey-bedroom-basement-available-from/7872509469.html
7868764055,3 Bedroom 1 Bath Suite,2000.0,3.0,1.0,,,False,True,False,Surrey,49.0312850126197,-122.759686599907,2025-07-26,False,43.60501647096997,29.6051884169953,38.609979023326645,18.763335709856264,False,https://vancouver.craigslist.org/rds/apa/d/surrey-bedroom-bath-suite/7868764055.html
7864994238,"2 BEDS 1 FULL BATH APARTMENT 1,750",1750.0,2.0,1.0,,True,False,True,,Surrey,49.016651097575,-122.736154077347,2025-07-11,False,45.95057129223056,31.776612173754764,40.96977038009011,20.909351446978544,False,https://vancouver.craigslist.org/rds/apa/d/surrey-beds-full-bath-apartment-1750/7864994238.html
7864997587,2 BEDS 1 FULL BATH APARTMENT,1750.0,2.0,1.0,,True,False,True,,Surrey,49.016651097575,-122.736154077347,2025-07-11,False,45.95057129223056,31.776612173754764,40.96977038009011,20.909351446978544,False,https://vancouver.craigslist.org/rds/apa/d/surrey-beds-full-bath-apartment/7864997587.html
7867180911,"$1,900 / 1br - 500ft2 - Surrey King George 1 Bed 1 Bath Pet-Friendly",1900.0,1.0,1.0,500.0,True,False,True,True,Surrey,49.181528297482,-122.842896114574,2025-07-20,False,30.567619932361584,11.873998855974248,23.271100384288133,0.9979816542634982,False,https://vancouver.craigslist.org/rds/apa/d/surrey-br-500ft2-surrey-king-george-bed/7867180911.html
7861360965,Brand New 2 bd 1 bath Apartment for rent,2200.0,2.0,2.0,690.0,,False,True,,Surrey,49.1838986238803,-122.840801953833,2025-06-26,False,30.638225120368073,11.706459575353572,23.273012603529466,0.865035979252726,False,https://vancouver.craigslist.org/rds/apa/d/surrey-brand-new-bd-bath-apartment-for/7861360965.html
7861361705,Brand New 2 bed 1bath Condo for rent $2200,2200.0,2.0,1.0,695.0,,False,True,,Surrey,49.1838986238803,-122.840801953833,2025-06-26,False,30.638225120368073,11.706459575353572,23.273012603529466,0.865035979252726,False,https://vancouver.craigslist.org/rds/apa/d/surrey-brand-new-bed-1bath-condo-for/7861361705.html
7864803139,"Brand New Surrey Central 1 bed for rent, $1800",1800.0,1.0,1.0,500.0,False,False,False,False,Surrey,49.180941015742,-122.84336995067,2025-07-10,False,30.553696964686814,11.91776354506486,23.27406779257431,1.0433544678579523,False,https://vancouver.craigslist.org/rds/apa/d/surrey-brand-new-surrey-central-bed-for/7864803139.html
7864500471,Concord High-Rise 1 Bed 1 Bath w/Locker Steps to King George Skytrain,1800.0,1.0,1.0,,False,False,False,False,Surrey,49.184059052063,-122.841484919524,2025-07-09,False,30.5855744832733,11.66795040113948,23.22099190234448,0.8185505960644555,False,https://vancouver.craigslist.org/rds/apa/d/surrey-concord-high-rise-bed-bath/7864500471.html
7866661252,"Concrete high rise - Downtown Surrey,King George skytrain,Hospital,SFU",1795.0,1.0,1.0,,,False,True,False,Surrey,49.1846394583094,-122.840556154938,2025-07-18,True,30.632342518134934,11.641494223356842,23.248456541583554,0.8197351555812116,False,https://vancouver.craigslist.org/rds/apa/d/surrey-concrete-high-rise-downtown/7866661252.html
7863142961,Downtown Surrey ‚Äì 1 Bed 1 Bath Condo ‚Äì Available Now UNFURNISHED,1700.0,1.0,1.0,475.0,False,True,True,,Surrey,49.1921664048636,-122.85044597944,2025-07-03,False,29.715248790286157,10.570301681992351,22.216893221715413,0.306689704657784,True,https://vancouver.craigslist.org/rds/apa/d/surrey-downtown-surrey-bed-bath-condo/7863142961.html
7870728943,One Bed Room Basement Suite For Rent,1450.0,1.0,1.0,,,False,True,False,Surrey East,49.0790994865364,-122.755301753901,2025-08-03,False,40.98737622902063,24.91527797635856,35.12987441371037,14.04789160028463,False,https://vancouver.craigslist.org/rds/apa/d/surrey-east-one-bed-room-basement-suite/7870728943.html
7869589933,Prosprise Realty-Spacious 2Bed 2Bath for rent in Surrey!REF#15588L,1600.0,2.0,1.0,,False,False,False,False,Surrey East,49.0790994865364,-122.755301753901,2025-07-29,False,40.98737622902063,24.91527797635856,35.12987441371037,14.04789160028463,False,https://vancouver.craigslist.org/rds/apa/d/surrey-east-prosprise-realty-spacious/7869589933.html
7865984241,"Excellent location - King George skytrain Station , Hospital ,SFU,Mall",1795.0,1.0,1.0,,,False,True,,Surrey,49.1838063776753,-122.837441556364,2025-07-15,True,30.87556116923846,11.829178779959584,23.491334134695922,1.0528586937710516,False,https://vancouver.craigslist.org/rds/apa/d/surrey-excellent-location-king-george/7865984241.html
7866845998,"Highrise - King George Skytrain, walk to Memorial Hospital, SFU, Mall",1795.0,1.0,1.0,,,False,True,False,Surrey,49.1843392284248,-122.840747522842,2025-07-18,True,30.628295533191253,11.66472784825999,23.252550761457194,0.8326084484945313,False,https://vancouver.craigslist.org/rds/apa/d/surrey-highrise-king-george-skytrain/7866845998.html
7866948405,"Highrise -  King George Skytrain, walk to Memorial Hospital, SFU, Mall",1795.0,1.0,1.0,,,False,True,False,Surrey,49.1843392284248,-122.840747522842,2025-07-19,True,30.628295533191253,11.66472784825999,23.252550761457194,0.8326084484945313,False,https://vancouver.craigslist.org/rds/apa/d/surrey-highrise-king-george-skytrain/7866948405.html
7868598467,"1/BD 1/BA, Social Room, Tennis Court",1925.0,1.0,1.0,,,False,True,,Surrey Inner Northwest,49.1894007375867,-122.845405669716,2025-07-25,False,30.149285162820583,11.009380611587954,22.685035137323403,0.254906437371252,True,https://vancouver.craigslist.org/rds/apa/d/surrey-inner-northwest-bd-ba-social/7868598467.html
7871593227,"1/bd 1/ba, Tennis Court, Underground Parking",1825.0,1.0,1.0,,,False,True,,Surrey Inner Northwest,49.1894007375867,-122.845405669716,2025-08-06,False,30.149285162820583,11.009380611587954,22.685035137323403,0.254906437371252,True,https://vancouver.craigslist.org/rds/apa/d/surrey-inner-northwest-bd-ba-tennis/7871593227.html
7870322223,2 Bed 1 Bath Basement Suite,1600.0,2.0,1.0,,,False,True,False,Surrey Inner Northwest,49.1894007375867,-122.845405669716,2025-08-01,False,30.149285162820583,11.009380611587954,22.685035137323403,0.254906437371252,True,https://vancouver.craigslist.org/rds/apa/d/surrey-inner-northwest-bed-bath/7870322223.html
7862591208,3 Bed room Rancher for Rent,2500.0,3.0,1.0,,,False,True,True,Surrey Inner Northwest,49.1894007375867,-122.845405669716,2025-07-01,False,30.149285162820583,11.009380611587954,22.685035137323403,0.254906437371252,True,https://vancouver.craigslist.org/rds/apa/d/surrey-inner-northwest-bed-room-rancher/7862591208.html
7861351808,"Brand New Surrey Central 2 bed for rent, $2450 included Utility!!!!",2450.0,2.0,1.0,700.0,False,False,True,False,Surrey Inner Northwest,49.1894007375867,-122.845405669716,2025-06-26,False,30.149285162820583,11.009380611587954,22.685035137323403,0.254906437371252,True,https://vancouver.craigslist.org/rds/apa/d/surrey-inner-northwest-brand-new-surrey/7861351808.html
7872499972,Brand New Apartment at King George Hub!,1700.0,1.0,1.0,,,False,True,,Surrey Inner Northwest,49.1894007375867,-122.845405669716,2025-08-09,False,30.149285162820583,11.009380611587954,22.685035137323403,0.254906437371252,True,https://vancouver.craigslist.org/rds/apa/d/surrey-inner-northwest-brand-new/7872499972.html
7863785884,üéàBright 1 BRÔºàUrban 2 BR) on 27th/F @ One Central Surrey Centre,1790.0,1.0,1.0,,,False,True,False,Surrey Inner Northwest,49.1894007375867,-122.845405669716,2025-07-07,False,30.149285162820583,11.009380611587954,22.685035137323403,0.254906437371252,True,https://vancouver.craigslist.org/rds/apa/d/surrey-inner-northwest-bright-brurban/7863785884.html
7869518049,"Community Garden, 2/BD, Surrey BC",2295.0,2.0,1.0,,,False,True,,Surrey Inner Northwest,49.1894007375867,-122.845405669716,2025-07-29,False,30.149285162820583,11.009380611587954,22.685035137323403,0.254906437371252,True,https://vancouver.craigslist.org/rds/apa/d/surrey-inner-northwest-community-garden/7869518049.html
7870585612,Concord Park Boulevard 1 bedroom plus 1 den apartment with view,1900.0,1.0,1.0,543.0,,False,True,,Surrey Inner Northwest,49.1894007375867,-122.845405669716,2025-08-02,False,30.149285162820583,11.009380611587954,22.685035137323403,0.254906437371252,True,https://vancouver.craigslist.org/rds/apa/d/surrey-inner-northwest-concord-park/7870585612.html
7870865238,"Fitness Facility, Surrey BC, Studio 1/BA",1615.0,0.0,1.0,,,False,True,,Surrey Inner Northwest,49.1894007375867,-122.845405669716,2025-08-03,False,30.149285162820583,11.009380611587954,22.685035137323403,0.254906437371252,True,https://vancouver.craigslist.org/rds/apa/d/surrey-inner-northwest-fitness-facility/7870865238.html
7870460542,"Laundry Facilities, Private balcony, Community Garden",2325.0,2.0,1.0,,,False,True,,Surrey Inner Northwest,49.1894007375867,-122.845405669716,2025-08-01,False,30.149285162820583,11.009380611587954,22.685035137323403,0.254906437371252,True,https://vancouver.craigslist.org/rds/apa/d/surrey-inner-northwest-laundry/7870460542.html
7872526441,Modern luxury Studio with Stunning Rooftop View,1400.0,0.0,1.0,,False,False,False,False,Surrey Inner Northwest,49.1894007375867,-122.845405669716,2025-08-09,False,30.149285162820583,11.009380611587954,22.685035137323403,0.254906437371252,True,https://vancouver.craigslist.org/rds/apa/d/surrey-inner-northwest-modern-luxury/7872526441.html
7872523650,Quiet Ground Floor 2 Bd + Den for Rent,1850.0,2.0,1.0,,,False,True,,Surrey Inner Northwest,49.1894007375867,-122.845405669716,2025-08-09,False,30.149285162820583,11.009380611587954,22.685035137323403,0.254906437371252,True,https://vancouver.craigslist.org/rds/apa/d/surrey-inner-northwest-quiet-ground/7872523650.html
7870877129,"Social Room, Laundry Facilities, Window coverings",2295.0,2.0,1.0,,,False,True,,Surrey Inner Northwest,49.1894007375867,-122.845405669716,2025-08-03,False,30.149285162820583,11.009380611587954,22.685035137323403,0.254906437371252,True,https://vancouver.craigslist.org/rds/apa/d/surrey-inner-northwest-social-room/7870877129.html
7872500037,"Spacious 2-Bedroom, 1-Bathroom Suite for Rent ‚Äì First Floor",1700.0,2.0,1.0,,,False,True,,Surrey Inner Northwest,49.1894007375867,-122.845405669716,2025-08-09,False,30.149285162820583,11.009380611587954,22.685035137323403,0.254906437371252,True,https://vancouver.craigslist.org/rds/apa/d/surrey-inner-northwest-spacious-bedroom/7872500037.html
7872500156,Stunning 13th-Floor Apartment in EVOLVE Building ‚Äì Surrey Central ! üè¢,2200.0,2.0,2.0,,,False,True,,Surrey Inner Northwest,49.1894007375867,-122.845405669716,2025-08-09,False,30.149285162820583,11.009380611587954,22.685035137323403,0.254906437371252,True,https://vancouver.craigslist.org/rds/apa/d/surrey-inner-northwest-stunning-13th/7872500156.html
7866947934,"King George Skytrain, Central city Mall, walk to Hospital, SFU",1795.0,1.0,1.0,,,False,True,False,Surrey,49.1837003804832,-122.837395719741,2025-07-19,True,30.882052156308237,11.84113882455187,23.49996444435364,1.0627310319050531,False,https://vancouver.craigslist.org/rds/apa/d/surrey-king-george-skytrain-central/7866947934.html
7866948007,"King George Skytrain, Central city Mall, walk to Hospital, SFU",1795.0,1.0,1.0,,,False,True,False,Surrey,49.1837003804832,-122.837395719741,2025-07-19,True,30.882052156308237,11.84113882455187,23.49996444435364,1.0627310319050531,False,https://vancouver.craigslist.org/rds/apa/d/surrey-king-george-skytrain-central/7866948007.html
7867160015,"King George Skytrain, Central city Mall, walk to Hospital, SFU",1795.0,1.0,1.0,,,False,True,False,Surrey,49.1837003804832,-122.837395719741,2025-07-20,True,30.882052156308237,11.84113882455187,23.49996444435364,1.0627310319050531,False,https://vancouver.craigslist.org/rds/apa/d/surrey-king-george-skytrain-central/7867160015.html
7865984159,"King George skytrain,walk to Hospital, SFU,easy access Central Mall",1795.0,1.0,1.0,,,False,True,,Surrey,49.1835262013135,-122.83757792032,2025-07-15,True,30.874758241354233,11.851958086746494,23.49779439478919,1.0645272956124128,False,https://vancouver.craigslist.org/rds/apa/d/surrey-king-george-skytrainwalk-to/7865984159.html
7866948250,"King George skytrain,walk to Hospital, SFU,easy access toCentral Mall",1795.0,1.0,1.0,,,False,True,,Surrey,49.1835262013135,-122.83757792032,2025-07-19,True,30.874758241354233,11.851958086746494,23.49779439478919,1.0645272956124128,False,https://vancouver.craigslist.org/rds/apa/d/surrey-king-george-skytrainwalk-to/7866948250.html
7865713606,Large & Spacious 2 bedroom Basement SUITE - Available,1880.0,2.0,1.0,,,False,True,False,Surrey,49.1178847185601,-122.759989121623,2025-07-14,False,38.72096000678053,21.005010972744454,32.184572945767464,10.266466807955094,False,https://vancouver.craigslist.org/rds/apa/d/surrey-large-spacious-bedroom-basement/7865713606.html
7872521409,Legal Suite 1 Bedroom Very Close to Park,1900.0,1.0,1.0,,True,False,True,False,Surrey,49.0430100209386,-122.764494861723,2025-08-09,False,42.56406844395107,28.26648103793615,37.419414337203015,17.419195423953102,False,https://vancouver.craigslist.org/rds/apa/d/surrey-legal-suite-bedroom-very-close/7872521409.html
7865764552,Modern 1-Bedroom Condo for Rent in Prime Surrey Location,1795.0,1.0,1.0,,,False,True,,Surrey,49.1834133286279,-122.837441556364,2025-07-14,False,30.887790200496184,11.867699488053168,23.512557413677698,1.0801567203179165,False,https://vancouver.craigslist.org/rds/apa/d/surrey-modern-bedroom-condo-for-rent-in/7865764552.html
7865765095,Modern 1-Bedroom Condo for Rent in Prime Surrey Location,1795.0,1.0,1.0,,,False,True,,Surrey,49.1834133286279,-122.837441556364,2025-07-14,False,30.887790200496184,11.867699488053168,23.512557413677698,1.0801567203179165,False,https://vancouver.craigslist.org/rds/apa/d/surrey-modern-bedroom-condo-for-rent-in/7865765095.html
7866846031,Modern 1-Bedroom Condo for Rent in Prime Surrey Location,1795.0,1.0,1.0,,,False,True,,Surrey,49.1834133286279,-122.837441556364,2025-07-18,False,30.887790200496184,11.867699488053168,23.512557413677698,1.0801567203179165,False,https://vancouver.craigslist.org/rds/apa/d/surrey-modern-bedroom-condo-for-rent-in/7866846031.html
7867184964,Newer 1bedroom suite with separate laundry,1400.0,1.0,1.0,,,True,True,False,Surrey,49.1561118896914,-122.788359699805,2025-07-20,False,35.21686600258663,16.317531409191652,28.122055697096908,5.765034521028009,False,https://vancouver.craigslist.org/rds/apa/d/surrey-newer-1bedroom-suite-with/7867184964.html
7865208870,"2 BEDS 1 FULL BATH APARTMENT 1,750",1750.0,2.0,1.0,,,False,True,,Surrey North,49.1947997188899,-122.813102309228,2025-07-12,False,32.27565423980227,11.784215416755407,24.521065926514822,2.664844209119985,False,https://vancouver.craigslist.org/rds/apa/d/surrey-north-beds-full-bath-apartment/7865208870.html
7865215648,"2 BEDS 1 FULL BATH APARTMENT 1,750",1750.0,2.0,1.0,,True,False,False,,Surrey North,49.1947997188899,-122.813102309228,2025-07-12,False,32.27565423980227,11.784215416755407,24.521065926514822,2.664844209119985,False,https://vancouver.craigslist.org/rds/apa/d/surrey-north-beds-full-bath-apartment/7865215648.html
7871363309,Prosprise Realty-2Bed 2Bath Condo for rent in Surrey! REF#3039946,2250.0,2.0,2.0,,False,False,False,False,Surrey North,49.1947997188899,-122.813102309228,2025-08-05,False,32.27565423980227,11.784215416755407,24.521065926514822,2.664844209119985,False,https://vancouver.craigslist.org/rds/apa/d/surrey-north-prosprise-realty-2bed/7871363309.html
7871312051,North Surrey Centre 2bed2bath Apt,2300.0,2.0,2.0,720.0,True,False,True,False,Surrey,49.1905237348651,-122.852673066389,2025-08-05,False,29.606949538873064,10.665430807463652,22.161347663329444,0.2928022922604734,True,https://vancouver.craigslist.org/rds/apa/d/surrey-north-surrey-centre-2bed2bath-apt/7871312051.html
7866804442,### 1 bedroom suite in lower ground level of a house,1500.0,1.0,1.0,,,False,True,,Surrey Northeast,49.1706993951546,-122.732601739017,2025-07-18,False,38.60676332751099,17.768539566355635,30.95654304699126,8.710618175074377,False,https://vancouver.craigslist.org/rds/apa/d/surrey-northeast-bedroom-suite-in-lower/7866804442.html
7872495447,Furnished bachelor suite includes WiFi and all utilities,1200.0,1.0,1.0,,True,False,True,False,Surrey Northeast,49.1706993951546,-122.732601739017,2025-08-09,False,38.60676332751099,17.768539566355635,30.95654304699126,8.710618175074377,False,https://vancouver.craigslist.org/rds/apa/d/surrey-northeast-furnished-bachelor/7872495447.html
7872500102,Minutes away from Guildford Mall and TNT!,1700.0,2.0,1.0,,,False,True,,Surrey Northeast,49.1706993951546,-122.732601739017,2025-08-09,False,38.60676332751099,17.768539566355635,30.95654304699126,8.710618175074377,False,https://vancouver.craigslist.org/rds/apa/d/surrey-northeast-minutes-away-from/7872500102.html
7872526413,Spacious Ground Level Suite with Laundry,1400.0,1.0,1.0,,,True,True,False,Surrey Northeast,49.1706993951546,-122.732601739017,2025-08-09,False,38.60676332751099,17.768539566355635,30.95654304699126,8.710618175074377,False,https://vancouver.craigslist.org/rds/apa/d/surrey-northeast-spacious-ground-level/7872526413.html
7870677190,„ÄêSurrey For Rent„ÄëCozy Coach house 1B1B,1650.0,1.0,1.0,500.0,,True,True,,Surrey Northeast,49.1706993951546,-122.732601739017,2025-08-02,False,38.60676332751099,17.768539566355635,30.95654304699126,8.710618175074377,False,https://vancouver.craigslist.org/rds/apa/d/surrey-northeast-surrey-for-rentcozy/7870677190.html
7872500127,Surrey 2 bedrooms bsmt available for rent immediately,1950.0,2.0,1.0,,,False,True,,Surrey Outer Northwest,49.1889016913471,-122.872999317128,2025-08-09,False,28.23640971995447,10.304337970433258,20.969991074266726,1.7530864290387131,False,https://vancouver.craigslist.org/rds/apa/d/surrey-outer-northwest-surrey-bedrooms/7872500127.html
7866948313,"Park Avenue West By Concord - King George Skytrain, Hospital, SFU,Mall",1795.0,1.0,1.0,,,False,True,False,Surrey,49.1843661574411,-122.841266622604,2025-07-19,True,30.59123444394348,11.644784051033021,23.2181510602977,0.804027851832665,False,https://vancouver.craigslist.org/rds/apa/d/surrey-park-avenue-west-by-concord-king/7866948313.html
7866661175,"Park Avenue West By Concord Pacific, walk to Surrey Hospital, SFU,Mall",1795.0,1.0,1.0,,,False,True,False,Surrey,49.1836390739992,-122.837624902859,2025-07-18,True,30.867965869253275,11.83927999001264,23.48871129428543,1.053951415583919,False,https://vancouver.craigslist.org/rds/apa/d/surrey-park-avenue-west-by-concord/7866661175.html
7866948171,"Park building at King George skytrain station, Hospital, SFU, Mall",1795.0,1.0,1.0,,,False,True,,Surrey,49.1837519466848,-122.837755537236,2025-07-19,True,30.855339924582662,11.823734912079752,23.474316439478095,1.038682869054979,False,https://vancouver.craigslist.org/rds/apa/d/surrey-park-building-at-king-george/7866948171.html
7870212249,Park George at Surrey Central King George Station,1800.0,1.0,1.0,,,False,True,,Surrey,49.183919250361,-122.841758220393,2025-07-31,False,30.57088263736186,11.67279327127547,23.211285866286104,0.8175633076166587,False,https://vancouver.craigslist.org/rds/apa/d/surrey-park-george-at-surrey-central/7870212249.html
7871614382,Pet Friendly Furnished 2 bedroom half basement in a nice neighborhood!,1580.0,2.0,1.0,,True,False,True,True,Surrey,49.0441083810318,-122.767760148198,2025-08-06,False,42.29896457260154,28.062618734057473,37.16684555824089,17.222013331931883,False,https://vancouver.craigslist.org/rds/apa/d/surrey-pet-friendly-furnished-bedroom/7871614382.html
7869843034,Pet Friendly! Surrey Gateway Station 1b1b with 1 parking and 1 locker,1700.0,1.0,1.0,505.0,False,False,True,True,Surrey,49.1988975130405,-122.840406039996,2025-07-30,False,30.240100237405102,10.26674005874187,22.530551170311213,1.204066184993496,False,https://vancouver.craigslist.org/rds/apa/d/surrey-pet-friendly-surrey-gateway/7869843034.html
7869588078,Prosprise Realty- New 1Bed1Bath Suite for Rent in Surrey REF#17136L,1350.0,1.0,1.0,,,False,True,,Surrey,49.0041755145445,-122.74504294458,2025-07-29,False,46.275513318302266,32.79975315237975,41.56869006453698,21.961131567335308,False,https://vancouver.craigslist.org/rds/apa/d/surrey-prosprise-realty-new-1bed1bath/7869588078.html
7867606757,share accommodation: Furnished 1 bed & share1 full bath,1360.0,1.0,1.0,,True,False,True,,Surrey,49.1899840086221,-122.867835821479,2025-07-22,False,28.562716626839773,10.306686727666873,21.2314728686479,1.376767310433247,False,https://vancouver.craigslist.org/rds/apa/d/surrey-share-accommodation-furnished/7867606757.html
7872521094,share accommodation: Furnished 1 bed & share1 full bath,1080.0,1.0,1.0,,True,False,True,,Surrey,49.1899840086221,-122.867835821479,2025-08-09,False,28.562716626839773,10.306686727666873,21.2314728686479,1.376767310433247,False,https://vancouver.craigslist.org/rds/apa/d/surrey-share-accommodation-furnished/7872521094.html
7864952074,South Surrey Luxury 2B1Ba Basement Suite For Rent (Separate Entrance),1900.0,2.0,1.0,,True,True,False,,Surrey,49.0371314739609,-122.758402601488,2025-07-11,False,43.30282544149437,29.041191064867537,38.19910273493335,18.188305307689255,False,https://vancouver.craigslist.org/rds/apa/d/surrey-south-surrey-luxury-2b1ba/7864952074.html
7863101942,"Spacious 2 Beds 1 Bath, corner-unit, with outdoor pool 2375$",2375.0,2.0,1.0,,,False,True,False,Surrey,49.1621033093547,-122.894610139244,2025-07-03,False,27.77556371000447,12.913398451093558,21.42604086684462,4.515436022018184,False,https://vancouver.craigslist.org/rds/apa/d/surrey-spacious-beds-bath-corner-unit/7863101942.html
7870390716,Surrey basement 2B1Ba suite For Rent,1800.0,2.0,1.0,,,False,True,False,Surrey,49.037329717358,-122.757623951844,2025-08-01,False,43.33652785566,29.04310433539391,38.22219112043587,18.188378607581996,False,https://vancouver.craigslist.org/rds/apa/d/surrey-surrey-basement-2b1ba-suite-for/7870390716.html
7862898163,Surrey ‚Äì 2 Beds 1 Bath Ground Level Suite ‚Äì Available Now UNFURNISHED,1400.0,2.0,1.0,,False,True,True,,Surrey,49.1786497575194,-122.859855665309,2025-07-02,False,29.488219032428866,11.68842545745635,22.38163190398932,1.4548575531982364,False,https://vancouver.craigslist.org/rds/apa/d/surrey-surrey-beds-bath-ground-level/7862898163.html
7862899124,Surrey ‚Äì 2 Beds + Den 1 Bath Upper Unit ‚Äì Available Now UNFURNISHED,2000.0,2.0,1.0,1000.0,False,True,True,,Surrey,49.1786497575194,-122.859855665309,2025-07-02,False,29.488219032428866,11.68842545745635,22.38163190398932,1.4548575531982364,False,https://vancouver.craigslist.org/rds/apa/d/surrey-surrey-beds-den-bath-upper-unit/7862899124.html
7862900044,Surrey ‚Äì 2 Beds + Den 1 Bath Upper Unit ‚Äì Available Now UNFURNISHED,2200.0,2.0,1.0,1000.0,False,True,True,,Surrey,49.1784618273626,-122.859831028123,2025-07-02,False,29.496435336562634,11.708688903701605,22.394316940907235,1.4714243797490794,False,https://vancouver.craigslist.org/rds/apa/d/surrey-surrey-beds-den-bath-upper-unit/7862900044.html
7865261677,Surrey center furnished two bedrooms Condo,2450.0,2.0,2.0,,True,False,True,False,Surrey,49.1916610560883,-122.847618432721,2025-07-12,False,29.928265625533903,10.712409838396752,22.424680110113062,0.24737961933425007,True,https://vancouver.craigslist.org/rds/apa/d/surrey-surrey-center-furnished-two/7865261677.html
7871858269,Surrey central 1 Bedroom +1 Bath Condo,1700.0,1.0,1.0,,,False,True,False,Surrey,49.1527595136322,-122.767049680532,2025-08-07,False,36.802682703316,17.528579681572058,29.646225277390133,7.224207187945658,False,https://vancouver.craigslist.org/rds/apa/d/surrey-surrey-central-bedroom-bath-condo/7871858269.html
7865975339,Surrey University District 1 Bedroom with A/C,1850.0,1.0,1.0,570.0,True,False,True,False,Surrey,49.193146735651,-122.850295864497,2025-07-15,True,29.69779306671462,10.477390249927854,22.175437976747396,0.4072152846694517,True,https://vancouver.craigslist.org/rds/apa/d/surrey-surrey-university-district/7865975339.html
7872491425,5 years new house,2150.0,2.0,2.0,,,False,False,,Surrey,49.1960390266007,-122.813973205077,2025-08-09,False,32.182660343338995,11.63713940454056,24.40650740763244,2.637103999520871,False,https://vancouver.craigslist.org/rds/apa/d/surrey-years-new-house/7872491425.html
7869940702,North Surrey brand new high rise  BIG 2beds+2baths,2500.0,2.0,2.0,820.0,True,False,True,False,Vancouver,49.1831572164935,-122.842552339897,2025-07-30,False,30.5395042728051,11.72256349038295,23.202733955672027,0.8520919103939558,False,https://vancouver.craigslist.org/rds/apa/d/vancouver-north-surrey-brand-new-high/7869940702.html
7862253460,"1BD 1BA, Well Maintained Grounds, Located in White Rock",1795.0,1.0,1.0,,,False,True,True,White Rock,49.0258992093458,-122.805803972834,2025-06-30,False,41.308035985582485,29.07412770714804,36.88127887510532,18.471040817307923,False,https://vancouver.craigslist.org/rds/apa/d/white-rock-1bd-1ba-well-maintained/7862253460.html
7863147809,"1 bedroom, Located in White Rock",1845.0,1.0,1.0,,,False,True,True,White Rock,49.0258992093458,-122.805803972834,2025-07-03,False,41.308035985582485,29.07412770714804,36.88127887510532,18.471040817307923,False,https://vancouver.craigslist.org/rds/apa/d/white-rock-bedroom-located-in-white-rock/7863147809.html
7866803761,1 Bedroom Suite for rent,1500.0,1.0,1.0,,,False,True,,White Rock,49.0258992093458,-122.805803972834,2025-07-18,False,41.308035985582485,29.07412770714804,36.88127887510532,18.471040817307923,False,https://vancouver.craigslist.org/rds/apa/d/white-rock-bedroom-suite-for-rent/7866803761.html
7872487519,Burnaby Metrotown ‚Äì SOVEREIGN High-Floor 1-Bedroom Condo,2500.0,1.0,1.0,,,False,True,,Burnaby,49.2232917641246,-123.003782663438,2025-08-09,False,18.066599679841698,8.845027656570014,10.97583600301358,0.4429814097508762,True,https://vancouver.craigslist.org/van/apa/d/burnaby-burnaby-metrotown-sovereign/7872487519.html
7862641033,Two Bedroom Basement Suite (with in-suite laundry),1995.0,2.0,1.0,,,False,True,False,Burnaby,49.2784761941597,-123.023400165384,2025-07-01,False,16.27255064616902,7.893372517907074,7.105874863138877,2.069239162196277,False,https://vancouver.craigslist.org/van/apa/d/burnaby-two-bedroom-basement-suite-with/7862641033.html
7869414435,Unfurnished 1-Bedroom Garden Suite ‚Äì walkable to Metrotown,2000.0,1.0,1.0,,False,False,True,False,Burnaby,49.2369625371157,-123.012308275429,2025-07-28,False,17.1650174436318,8.402382669731722,9.564475780439194,1.2943396399156366,False,https://vancouver.craigslist.org/van/apa/d/burnaby-unfurnished-bedroom-garden/7869414435.html
7872513409,Newer Furnished One Bedroom Suite in Point Grey/UBC Area,2500.0,1.0,1.0,,True,False,True,,nan,49.2594402443753,-123.208990362542,2025-08-09,True,2.688840695636075,21.454085760620934,7.04888199433697,7.215813978990023,False,https://vancouver.craigslist.org/van/apa/d/newer-furnished-one-bedroom-suite-in/7872513409.html
7872506573,"4 YEAR OLD 1 BDRM, BROOKLYNN APT.",2300.0,1.0,1.0,,False,False,False,False,North Vancouver,49.3097619816033,-123.034836975932,2025-08-09,False,16.262355860452068,9.428632489222517,6.7679972246896,5.387411352675415,False,https://vancouver.craigslist.org/van/apa/d/north-vancouver-year-old-bdrm-brooklynn/7872506573.html
7872493258,Fully Furnished 1 Bedroom + Den ‚Äì River District Paradigm Stunning River View,2400.0,1.0,1.0,,True,False,True,,Port Coquitlam Central,49.2739991019488,-122.764905099505,2025-08-09,False,34.93907134958862,10.866695697593354,25.843074129185972,9.999448743134085,False,https://vancouver.craigslist.org/van/apa/d/port-coquitlam-central-fully-furnished/7872493258.html
7870725699,"2Br1Ba Ground Level, to Downtown, SFU, North Van",1900.0,2.0,1.0,,,False,True,,Vancouver,49.2766180920302,-123.034752178178,2025-08-02,True,15.430478114284169,8.71684411876887,6.319302453306629,2.653554843447807,False,https://vancouver.craigslist.org/van/apa/d/vancouver-2br1ba-ground-level-to/7870725699.html
7871828353,Bachelor/Studio Downtown Vancouver,2400.0,0.0,1.0,,True,False,False,,Vancouver,49.2759248130981,-123.121067124095,2025-08-07,False,9.223495967551388,14.9790307234081,1.10950981478469,0.8844749600420782,False,https://vancouver.craigslist.org/van/apa/d/vancouver-bachelor-studio-downtown/7871828353.html
7872511109,A beautiful Bachelor suite on top floor with a balcony & elevator,1800.0,0.0,1.0,,True,False,True,,Vancouver,49.2603008269835,-123.146002247337,2025-08-09,False,7.256733355145174,16.89813490239643,3.3870678483412964,3.3349216843788825,False,https://vancouver.craigslist.org/van/apa/d/vancouver-beautiful-bachelor-suite-on/7872511109.html
7870870176,Beautiful One Bedroom Basement Suite,1450.0,1.0,1.0,,False,False,True,False,Vancouver,49.215600951641,-123.097904159312,2025-08-03,False,11.8591863739578,14.980584590902517,7.990088540518124,5.623533961653044,False,https://vancouver.craigslist.org/van/apa/d/vancouver-beautiful-one-bedroom/7870870176.html
7867855123,1 bedroom and 1 washroom suite,1400.0,1.0,1.0,,,False,True,False,Vancouver,49.2551000890774,-123.06670374258,2025-07-22,False,13.026254308449662,11.314154087571604,5.2035475078828535,0.8549707833389419,False,https://vancouver.craigslist.org/van/apa/d/vancouver-bedroom-and-washroom-suite/7867855123.html
7870109041,"1 Bedroom Apartment, Downtown Vancouver,  OCEAN VIEW+ BALCONY,~600sqft",2299.0,1.0,1.0,600.0,False,True,True,False,Vancouver,49.2793677164889,-123.134923535411,2025-07-31,False,8.324873756493401,15.984000589580864,1.2617546074889656,1.406109783774456,False,https://vancouver.craigslist.org/van/apa/d/vancouver-bedroom-apartment-downtown/7870109041.html
7871885444,"1 Bedroom Apartment, Downtown Vancouver,  OCEAN VIEW+ BALCONY,~600sqft",2299.0,1.0,1.0,600.0,False,True,True,False,Vancouver,49.2793551114174,-123.134855353434,2025-08-07,False,8.329312734753119,15.979038858065625,1.2585239851843448,1.4018481899452504,False,https://vancouver.craigslist.org/van/apa/d/vancouver-bedroom-apartment-downtown/7871885444.html
7872507837,1 bedroom apartment in Marpole - available sept,1850.0,1.0,1.0,750.0,False,True,True,,Vancouver,49.2150990406125,-123.139595433273,2025-08-09,False,9.234490492258377,17.745012105469495,7.9912759175094195,5.419756477627773,False,https://vancouver.craigslist.org/van/apa/d/vancouver-bedroom-apartment-in-marpole/7872507837.html
7872520866,1 Bedroom + Den Apartment in Mount Pleasant,1700.0,1.0,1.0,,,False,True,False,Vancouver,49.2397012753763,-123.040694323471,2025-08-09,False,15.081873784910254,10.069866276269842,7.752052032965311,3.0956083032934383,False,https://vancouver.craigslist.org/van/apa/d/vancouver-bedroom-den-apartment-in/7872520866.html
7872525287,2 bedroom Fully Furnished Garden Suite at Point Grey,1490.0,2.0,1.0,,True,False,True,False,Vancouver,49.2627874638143,-123.202870027374,2025-08-09,False,3.139223302586933,20.97900092545234,6.491641648234973,6.668335150875011,False,https://vancouver.craigslist.org/van/apa/d/vancouver-bedroom-fully-furnished/7872525287.html
7872517680,1 BEDROOM SUITE IN GREAT LOCATION,1900.0,1.0,1.0,,,False,True,,Vancouver,49.2767103382352,-123.068944007559,2025-08-09,False,12.970795803797776,11.197029906491013,3.890831978429417,1.5692106089482825,False,https://vancouver.craigslist.org/van/apa/d/vancouver-bedroom-suite-in-great/7872517680.html
7872502775,2 br ground level,2100.0,2.0,1.0,,,False,True,,Vancouver,49.2479999960805,-123.091305977344,2025-08-09,False,11.314346374616502,13.235558495389755,4.723242471103247,2.2773470407585292,False,https://vancouver.craigslist.org/van/apa/d/vancouver-br-ground-level/7872502775.html
7865491396,Brand new 1 bed and 1bath  laneway house in Arbutus area,2200.0,1.0,1.0,,,False,True,False,Vancouver,49.2537335847361,-123.16833614219,2025-07-13,False,5.6877802833743605,18.599936694900144,4.973780564609774,4.995395264937161,False,https://vancouver.craigslist.org/van/apa/d/vancouver-brand-new-bed-and-1bath/7865491396.html
7866975588,Brand New 1 bedroom Van south Hydro incl,1500.0,1.0,1.0,,,True,True,False,Vancouver,49.2160822361889,-123.079749418617,2025-07-19,False,13.045559679077861,13.796734784401437,8.312913338665666,5.227874053927051,False,https://vancouver.craigslist.org/van/apa/d/vancouver-brand-new-bedroom-van-south/7866975588.html
7861699290,Bright Garden-Level Studio Vancouver West (Close UBCÔºâ,1180.0,1.0,1.0,,False,False,True,False,Vancouver,49.242146086288,-123.171560748661,2025-06-28,True,5.779457760528621,19.057280693840987,6.106625059770987,6.074913392686163,False,https://vancouver.craigslist.org/van/apa/d/vancouver-bright-garden-level-studio/7861699290.html
7870329447,Charming West End Apartment South of Davie,1980.0,1.0,1.0,,,False,True,False,Vancouver,49.2990006882958,-123.140797498727,2025-08-01,False,8.74472732259747,16.57877952954886,2.0606673426929207,2.4805330579966935,False,https://vancouver.craigslist.org/van/apa/d/vancouver-charming-west-end-apartment/7870329447.html
7872503970,"convenient toLangara, UBC, Downtown ,Richmond(49th &Main)",1150.0,1.0,1.0,,,False,True,False,Vancouver,49.215600951641,-123.097904159312,2025-08-09,True,11.8591863739578,14.980584590902517,7.990088540518124,5.623533961653044,False,https://vancouver.craigslist.org/van/apa/d/vancouver-convenient-tolangara-ubc/7872503970.html
7871749344,Cozy bachelor suite in Mt. Pleasant,1795.0,1.0,1.0,,,False,True,,Vancouver,49.2619985009304,-123.092304642781,2025-08-06,False,11.154286803244819,13.007982894980039,3.36262612008578,1.6706824727606684,False,https://vancouver.craigslist.org/van/apa/d/vancouver-cozy-bachelor-suite-in-mt/7871749344.html
7865208803,Dunbar house Master Bedroom fir rent,1600.0,4.0,4.0,,True,False,False,,Vancouver,49.2305998408011,-123.185398825329,2025-07-12,False,5.520830017907233,20.334046333950287,7.736737472805241,7.703354127822151,False,https://vancouver.craigslist.org/van/apa/d/vancouver-dunbar-house-master-bedroom/7865208803.html
7872483808,East Vancouver Renfrew Heights 2bd+1bth+laundry+big living room,2000.0,2.0,1.0,1115.0,False,False,True,,Vancouver,49.2572819123611,-123.029806979449,2025-08-09,False,15.693552054332226,8.656222141790611,7.322098632531178,2.277717019158284,False,https://vancouver.craigslist.org/van/apa/d/vancouver-east-vancouver-renfrew/7872483808.html
7865628339,"EV Parking, Storage Lockers, Hard Surface Flooring",2085.0,0.0,1.0,,,False,True,,Vancouver,49.2611785983256,-123.097411988566,2025-07-14,False,10.782859909793922,13.387529556272899,3.226592873403294,2.0460907322521966,False,https://vancouver.craigslist.org/van/apa/d/vancouver-ev-parking-storage-lockers/7865628339.html
7864205724,"- EXQUISITE ,  UN-FURN STUDIO SUITE AVAIL SOON !",2499.0,0.0,1.0,,False,False,False,,Vancouver,49.2747193098972,-123.116468564831,2025-07-08,False,9.528719320246703,14.647850447265487,1.280566459482657,0.7270196350679899,True,https://vancouver.craigslist.org/van/apa/d/vancouver-exquisite-un-furn-studio/7864205724.html
7864549534,"- EXQUISITE ,  UN-FURN STUDIO SUITE COMING AVAIL SOON !  July  * 31st",2499.0,0.0,1.0,,False,False,False,,Vancouver,49.2747193098972,-123.116468564831,2025-07-09,False,9.528719320246703,14.647850447265487,1.280566459482657,0.7270196350679899,True,https://vancouver.craigslist.org/van/apa/d/vancouver-exquisite-un-furn-studio/7864549534.html
7872519225,Fully furnished charming 1 bd in PARADISE location Kits Point!,2300.0,1.0,1.0,,True,False,True,False,Vancouver,49.2754194643228,-123.148502062197,2025-08-09,False,7.263555181063338,16.96991660287527,2.329221661659361,2.4813208713007193,False,https://vancouver.craigslist.org/van/apa/d/vancouver-fully-furnished-charming-bd/7872519225.html
7871009228,"Furnished One Bedroom.Short Term Rental, Marpole, Sept.15/25-Apr.30/26",2195.0,1.0,1.0,,True,False,True,,Vancouver,49.2150990406125,-123.139595433273,2025-08-04,False,9.234490492258377,17.745012105469495,7.9912759175094195,5.419756477627773,False,https://vancouver.craigslist.org/van/apa/d/vancouver-furnished-one-bedroomshort/7871009228.html
7872479441,Ground-level one bedroom suite with full kitchen,1550.0,1.0,1.0,,,False,True,False,Vancouver,49.215600951641,-123.097904159312,2025-08-09,False,11.8591863739578,14.980584590902517,7.990088540518124,5.623533961653044,False,https://vancouver.craigslist.org/van/apa/d/vancouver-ground-level-one-bedroom/7872479441.html
7872497585,Ground level suite for rent,1450.0,1.0,1.0,,,False,True,False,Vancouver,49.2422658344672,-123.041597877914,2025-08-09,False,14.975217754951363,10.01430774951845,7.515789085919048,3.0257175314244247,False,https://vancouver.craigslist.org/van/apa/d/vancouver-ground-level-suite-for-rent/7872497585.html
7869091478,huge 1200 sf  2 bedroom suit  in Arbutus area,2400.0,2.0,1.0,,True,False,True,False,Vancouver,49.2502333855658,-123.166629300919,2025-07-27,False,5.874579909263687,18.53766024285271,5.180177325948603,5.171972782119328,False,https://vancouver.craigslist.org/van/apa/d/vancouver-huge-1200-sf-bedroom-suit-in/7869091478.html
7872502639,Kerrisidale W 41 3/4 Bedroom House For Rent,2500.0,3.0,2.0,,,False,False,,Vancouver,49.2344587115511,-123.18008177699,2025-08-09,False,5.598558478491537,19.852788739735246,7.1615759380174975,7.126373553109392,False,https://vancouver.craigslist.org/van/apa/d/vancouver-kerrisidale-bedroom-house-for/7872502639.html
7870635089,Killarney Master bedroom available for rent,1400.0,5.0,3.0,,True,False,True,,Vancouver,49.2217000873698,-123.045895061378,2025-08-02,False,15.157222311596827,11.37179087109455,8.968679296235763,3.203061205656816,False,https://vancouver.craigslist.org/van/apa/d/vancouver-killarney-master-bedroom/7870635089.html
7872488323,Large 2 bedrooms + Living room suite at main floor,2200.0,2.0,1.0,,,False,True,False,Vancouver,49.2600005970989,-123.039806238889,2025-08-09,False,14.963300894832196,9.290520866016763,6.537343485440638,2.1597015319773996,False,https://vancouver.craigslist.org/van/apa/d/vancouver-large-bedrooms-living-room/7872488323.html
7867665640,LARGE BRIGHT APT - GREAT LOCATION - Aug 15 or Sept 1,2280.0,2.0,1.0,,,False,True,,Vancouver,49.20615803422,-123.140647383784,2025-07-22,False,9.75504372808268,18.2268880457738,8.984351047202649,4.4311553328102855,False,https://vancouver.craigslist.org/van/apa/d/vancouver-large-bright-apt-great/7867665640.html
7872508584,A large one bedroom on top floor with elevator,2000.0,1.0,1.0,,True,False,True,,Vancouver,49.2603008269835,-123.146002247337,2025-08-09,False,7.256733355145174,16.89813490239643,3.3870678483412964,3.3349216843788825,False,https://vancouver.craigslist.org/van/apa/d/vancouver-large-one-bedroom-on-top/7872508584.html
7870163567,Like new condo- Mount pleasant,2330.0,1.0,1.0,,,False,True,True,Vancouver,49.2675544726695,-123.097166189672,2025-07-31,False,10.827457348163687,13.291342602394836,2.6600735804264026,1.6229896217183153,False,https://vancouver.craigslist.org/van/apa/d/vancouver-like-new-condo-mount-pleasant/7870163567.html
7872474094,Live at The One ‚Äî Your 1BR Oasis in Olympic Village,2000.0,1.0,1.0,,True,False,True,,Vancouver,49.2491986237879,-123.110403233612,2025-08-09,False,9.922443711820328,14.552587129320363,4.148830031003935,3.334554917237054,False,https://vancouver.craigslist.org/van/apa/d/vancouver-live-at-the-one-your-1br/7872474094.html
7863755225,NEW APARTMENT AVAILABLE NOW! 8188 Fraser Street,2250.0,1.0,1.0,,,False,True,True,Vancouver,49.2130226415631,-123.091101431411,2025-07-06,False,12.42829371483356,14.681902625432931,8.383543546137467,5.735479727949508,False,https://vancouver.craigslist.org/van/apa/d/vancouver-new-apartment-available-now/7863755225.html
7869091358,NEWLY Renovated 1 bedroom suit in Arbutus area,1850.0,1.0,1.0,,True,False,True,False,Vancouver,49.2538189554476,-123.168637517991,2025-07-27,False,5.6648310855078,18.620222492067107,4.982196506283543,5.005655100309983,False,https://vancouver.craigslist.org/van/apa/d/vancouver-newly-renovated-bedroom-suit/7869091358.html
7872526140,Newly renovated 2 bedroom suite on main st near langara college,2500.0,2.0,1.0,,True,False,True,,Vancouver,49.215600951641,-123.097904159312,2025-08-09,True,11.8591863739578,14.980584590902517,7.990088540518124,5.623533961653044,False,https://vancouver.craigslist.org/van/apa/d/vancouver-newly-renovated-bedroom-suite/7872526140.html
7872520823,Newly Renovated 1 Bedroom - October 1st,2240.0,1.0,1.0,,False,False,True,False,Vancouver,49.2990006882958,-123.140797498727,2025-08-09,False,8.74472732259747,16.57877952954886,2.0606673426929207,2.4805330579966935,False,https://vancouver.craigslist.org/van/apa/d/vancouver-newly-renovated-bedroom/7872520823.html
7869096741,Newly renovated one bedroom apartment unit in Vancouver,2050.0,1.0,1.0,,False,False,True,False,Vancouver,49.2150990406125,-123.139595433273,2025-07-27,False,9.234490492258377,17.745012105469495,7.9912759175094195,5.419756477627773,False,https://vancouver.craigslist.org/van/apa/d/vancouver-newly-renovated-one-bedroom/7869096741.html
7872481709,*** Partially¬†furnished¬†Garden Level Large 2 Bdrm w/Private Laundry***,2150.0,2.0,1.0,,True,False,True,,Vancouver,49.2148223019975,-123.104037672509,2025-08-09,False,11.495154525040183,15.416438180812962,7.995476228203672,5.878437381222795,False,https://vancouver.craigslist.org/van/apa/d/vancouver-partially-furnished-garden/7872481709.html
7872473468,(PLH_REF#1553)***NEWLY RENOVATED FURNISHED PRIVATE LARGE 1B1B***,1800.0,1.0,1.0,800.0,True,False,True,False,Vancouver,49.2159424344869,-123.14194513319,2025-08-09,False,9.040358929047136,17.86584916393185,7.930291052224178,5.5230604304245485,False,https://vancouver.craigslist.org/van/apa/d/vancouver-plhref1553newly-renovated/7872473468.html
7870169841,Prosprise Realty- 2Bed 1Bath suite in Vancouver for rent  ! REF#110L,2000.0,2.0,1.0,,True,False,True,,Vancouver,49.2142178315236,-123.094242959001,2025-07-31,False,12.165235600833753,14.817615798541688,8.19876051433923,5.6764485430485925,False,https://vancouver.craigslist.org/van/apa/d/vancouver-prosprise-realty-2bed-1bath/7870169841.html
7871988409,"Quiet studio at Joyce, walking distance to bus, groceries, parks.",1900.0,1.0,1.0,,False,False,True,,Vancouver,49.2397012753763,-123.040694323471,2025-08-07,False,15.081873784910254,10.069866276269842,7.752052032965311,3.0956083032934383,False,https://vancouver.craigslist.org/van/apa/d/vancouver-quiet-studio-at-joyce-walking/7871988409.html
7871757794,"SEPTEMBER 1st, 1 Bedroom basement suite, long or short term",1850.0,1.0,1.0,,True,False,True,False,Vancouver,49.2220020361279,-123.068297711166,2025-08-06,False,13.595741962237462,12.749050638052037,8.059001015822203,4.514873955844503,False,https://vancouver.craigslist.org/van/apa/d/vancouver-september-1st-bedroom/7871757794.html
7872489827,Single Level Laneway House,2300.0,2.0,1.0,,,False,False,,Vancouver,49.2806992704047,-123.03969680395,2025-08-09,False,15.133888574359707,9.081588988174111,5.903924862669581,2.94333699001916,False,https://vancouver.craigslist.org/van/apa/d/vancouver-single-level-laneway-house/7872489827.html
7868598986,"Studio 1/ba, Fitness Facility, In-suite laundry",2285.0,0.0,1.0,,,False,True,,Vancouver,49.28330164471,-123.129800719765,2025-07-25,False,8.800221250701616,15.62373526146989,0.720561318551835,0.9647624173932675,False,https://vancouver.craigslist.org/van/apa/d/vancouver-studio-ba-fitness-facility-in/7868598986.html
7865645616,"Studio, Public Art Display by Khan Lee, Storage Lockers",2085.0,0.0,1.0,,,False,True,,Vancouver,49.2611785983256,-123.097411988566,2025-07-14,False,10.782859909793922,13.387529556272899,3.226592873403294,2.0460907322521966,False,https://vancouver.craigslist.org/van/apa/d/vancouver-studio-public-art-display-by/7865645616.html
7872499851,Sunny 1 bed,2350.0,1.0,1.0,,,False,True,True,Vancouver,49.2646008752358,-123.164798700763,2025-08-09,False,5.9091460380495295,18.209140387187933,3.9804532289416374,4.074460099648502,False,https://vancouver.craigslist.org/van/apa/d/vancouver-sunny-bed/7872499851.html
7870622892,Top floor private  Master bedroom for Rent NEAR UBC,1800.0,1.0,1.0,380.0,True,False,True,,Vancouver,49.2632653106154,-123.172093599411,2025-08-02,True,5.3712762456451895,18.74901060582981,4.498456275771707,4.607627561777285,False,https://vancouver.craigslist.org/van/apa/d/vancouver-top-floor-private-master/7870622892.html
7871206882,Two bedroom  Apartment In Fairview/South Granville Near Oak Street,1980.0,2.0,1.0,,,False,True,False,Vancouver,49.2596453632659,-123.127369659841,2025-08-04,False,8.609501805943239,15.564903274949412,2.959212347771077,2.558970903600488,False,https://vancouver.craigslist.org/van/apa/d/vancouver-two-bedroom-apartment-in/7871206882.html
7864928116,"Underground Parking, Studio, Vancouver BC",2335.0,0.0,1.0,,,False,True,,Vancouver,49.28330164471,-123.129800719765,2025-07-11,False,8.800221250701616,15.62373526146989,0.720561318551835,0.9647624173932675,False,https://vancouver.craigslist.org/van/apa/d/vancouver-underground-parking-studio/7864928116.html
7870682522,Unfurnished or Furnished One Bedroom with Flex in The Hudson Building,2500.0,1.0,1.0,,False,False,False,,Vancouver,49.2831956475179,-123.116712644852,2025-08-02,False,9.710647225219935,14.674706411669304,0.4172185881455876,0.019301401557274566,True,https://vancouver.craigslist.org/van/apa/d/vancouver-unfurnished-or-furnished-one/7870682522.html
7872526278,upstairs in a 2 level house with shared yard.,1000.0,2.0,1.0,,,False,False,,Vancouver,49.2411961222637,-123.068001491986,2025-08-09,False,13.098455306778199,11.841633925976128,6.271541814917985,2.3818679416652015,False,https://vancouver.craigslist.org/van/apa/d/vancouver-upstairs-in-2-level-house/7872526278.html
7862084712,Vancouver E 2bed1bath suite  on the Ground level,1950.0,2.0,1.0,800.0,True,False,True,False,Vancouver,49.2269833311985,-123.088179346656,2025-06-29,False,12.051012819743836,13.793962453593165,6.963405424124083,4.190812941968929,False,https://vancouver.craigslist.org/van/apa/d/vancouver-vancouver-2bed1bath-suite-on/7862084712.html
7870291919,Vancouver E 3bed1bath basement,2300.0,3.0,1.0,900.0,True,False,True,False,Vancouver,49.2266693503267,-123.102289005318,2025-08-01,False,11.093685800266202,14.748573702608349,6.720318441782212,4.658020277635637,False,https://vancouver.craigslist.org/van/apa/d/vancouver-vancouver-3bed1bath-basement/7870291919.html
7864886047,Vancouver W 3bed1bath on Ground,2500.0,3.0,1.0,1200.0,True,False,True,False,Vancouver,49.2166116491916,-123.12328504372,2025-07-11,False,10.163536324529318,16.59220522288088,7.70679737177409,5.665266636748526,False,https://vancouver.craigslist.org/van/apa/d/vancouver-vancouver-3bed1bath-on-ground/7864886047.html
7866538069,Vancouver Dunbar Brand New One Bedroom Laneway House,2400.0,1.0,1.0,600.0,True,False,True,False,Vancouver,49.2510767794402,-123.191013238763,2025-07-17,False,4.128769272158268,20.27129787982326,6.4047437698138,6.486071806445481,False,https://vancouver.craigslist.org/van/apa/d/vancouver-vancouver-dunbar-brand-new/7866538069.html
7869937398,Vancouver east 2 beds+1bath ground floor to rent,1500.0,2.0,1.0,700.0,True,False,True,False,Vancouver,49.2383863372365,-123.097726542396,2025-07-30,False,11.042136806043239,13.983405253765163,5.5400543393228,3.3920989914523623,False,https://vancouver.craigslist.org/van/apa/d/vancouver-vancouver-east-beds1bath/7869937398.html
7870458373,Vancouver E Killarney 2 Bed Laneway Home for rent,2500.0,2.0,1.0,,True,False,True,False,Vancouver,49.2212766715593,-123.038604173435,2025-08-01,False,15.678361021618068,10.958937361946761,9.334759654695032,2.6963562335015276,False,https://vancouver.craigslist.org/van/apa/d/vancouver-vancouver-killarney-bed/7870458373.html
7865810546,Vancouver Oakridge Fully furnished 2 Bedroom +1 Bath BSMT Suite,2300.0,2.0,1.0,630.0,True,False,True,False,Vancouver,49.2323519457386,-123.110799147449,2025-07-14,False,10.304460191403967,15.098460291548337,5.997466623336362,4.515160584653556,False,https://vancouver.craigslist.org/van/apa/d/vancouver-vancouver-oakridge-fully/7865810546.html
7872515678,Vancouver south fraser/main  2 bedroom 1 bath main floor,2500.0,2.0,1.0,,,False,True,False,Vancouver,49.215600951641,-123.097904159312,2025-08-09,False,11.8591863739578,14.980584590902517,7.990088540518124,5.623533961653044,False,https://vancouver.craigslist.org/van/apa/d/vancouver-vancouver-south-fraser-main/7872515678.html
7871950999,Vancouver West one bedroom for rent,1200.0,4.0,2.0,,,False,True,,Vancouver,49.2451586983746,-123.115375361358,2025-08-07,False,9.634872538245746,15.006901013773936,4.54667151004192,3.851008997208027,False,https://vancouver.craigslist.org/van/apa/d/vancouver-vancouver-west-one-bedroom/7871950999.html
7869936485,Vancouver west one studio  +1den condo to rent,2300.0,1.0,1.0,470.0,True,False,True,False,Vancouver,49.2651950324693,-123.144417446076,2025-07-30,False,7.388984648818381,16.72979582893574,2.8741975784810827,2.855687073586342,False,https://vancouver.craigslist.org/van/apa/d/vancouver-vancouver-west-one-studio/7869936485.html
7868819207,Victoria Drive Modern 2 bedroom suite,2000.0,2.0,1.0,,,False,True,False,Vancouver,49.2427643077489,-123.06549021797,2025-07-26,False,13.25085012294916,11.611145888368497,6.249434953736833,2.222893517832134,False,https://vancouver.craigslist.org/van/apa/d/vancouver-victoria-drive-modern-bedroom/7868819207.html
7872506322,Wall Centre Central Park,2100.0,1.0,1.0,,,False,True,,Vancouver,49.231836283723,-123.022990500561,2025-08-09,False,16.500996909576486,9.362987169219675,9.29619912800786,1.5678123486848814,False,https://vancouver.craigslist.org/van/apa/d/vancouver-wall-centre-central-park/7872506322.html
7870157901,West 23rd Ave / 2 Bedrooms and 2 bathrooms,2500.0,2.0,2.0,,True,False,True,False,Vancouver,49.2511283456418,-123.170468118146,2025-07-31,False,5.58198082834103,18.796572922517843,5.290421590066908,5.303866151162877,False,https://vancouver.craigslist.org/van/apa/d/vancouver-west-23rd-ave-bedrooms-and/7870157901.html
